1star,1
2star,1
31to60days,1
3star,1
4star,1
5star,1
61to90days,1
90daysplus,1
ABN,1
ABT,1
ACCOUNTNUMBER,1
ATOLNo,3
ATOLTag,1
AUDAmount,1
AbtaNo,3
Account,2
Address1,5
Address2,6
Address3,4
Agency,3
AgtEmail,1
AgtFax,1
AgtPhone,1
AuthorizationNumber,1
BS,3
BSB,2
BSBNUMBER,1
BT,3
BaseCommission,1
BillingAmount,1
BillingCurrencyCode,1
BoardReportGroup,1
BrNo,3
BranchID,1
BranchName,1
Brand,1
BrandName,1
BusinessType,1
CORECreateDate,1
CardNumber,1
Category,1
Category1,1
Category2,1
Category3,1
City,2
ClientBSBNumber,1
ClientBankAccountNumber,1
CloseDate,1
CoCode,3
ContactType,3
ConversionRate,1
Country,3
Country2,1
County,3
Discipline,1
DistID,3
Division,1
EmailAddress,3
Enett,2
ExternalBranchID,1
FAX,1
FROM_Z,3
Fax,1
FaxNo,3
FirstName,3
Franchise,3
GDS,1
Group1,1
IATA,5
IATANumber,1
ID,3
IN_Z,7
LS,3
LT,3
LastName,3
LegalEntity,1
Locality,1
MerchantAcceptorID,1
MerchantCity,1
MerchantCountryCode,1
MerchantDescription,1
MerchantState,1
MerchantZip,1
MoneyDirectCode,1
Nation,1
OUT_Z,7
OpenDate,1
OpeningDate,1
Operator,1
OriginalAmount,1
OriginalTransactionID,1
OverrideCommission,1
PCC,1
Phone,1
Position,3
Post,3
"Post Code",1
PostCode,1
Postcode,4
PostingDate,1
Prefix,3
Pseudo,1
PurchaseLogAmount,1
PurchaseLogDate,1
PurchaseLogID,1
Racked,1
ReferenceNumber,1
Region,1
SICMCCCode,1
SalesManID,3
SellingMessage,1
ShopName,1
SourceAmount,1
SourceCurrencyCode,1
StaffIncentive,1
State,2
Status,3
StoreEmail,1
StoreT3,1
StreetAddress,1
SubCategory,1
T2,1
T3,1
T3Name,1
THRU_Z,3
TIDSNumber,2
TP2,4
TP25,4
TP50,4
TP75,4
TP90,4
TP98,4
TP99,4
Team,1
TeamFax,1
TeamLeaderDirectLine,1
TeamLeaderEmail,1
TeamLeaderMobileNo,1
TeamLeaderName,1
TeamPhone,1
Teams,1
TelNo,3
Telephone,1
Title,3
Town,3
TransactionDate,1
TransactionID,1
TransactionType,1
Type,1
Udf1,1
Udf10,1
Udf2,1
Udf3,1
Udf4,1
Udf5,1
Udf6,1
Udf7,1
Udf8,1
Udf9,1
ViewDataReference,1
Village,1
Web,1
abta,67
ac,1
acceptscitycode,1
accesscontrolexempt,1
accessed,3
accessibilitycabin,1
accesskey,1
accesstime,1
accmanageid,1
accno,1
accomcoachno,1
accomcode,1
accomcost,1
accommcode,10
accommodation,9
accommrating,1
accommtype,1
accomplaceno,1
accomposition,1
accomspace,1
accomtype,2
account,7
accountholdername,1
accountlimit,54
accountmanagerid,2
accountname,2
accountno,1
accountnumber,2
accounts,1
accplanid,1
achid,1
acknowledged2busdays,1
acknowledgement,1
acquirercode,1
action,34
actionat,1
actionattributes,1
actionbydate,2
actiondate,3
actioned,1
actionedby,2
actiongroup,2
actiongroupid,1
actionid,5
actionsteps,2
actiontaken,3
actiontype,5
activated,4
activation,2
activationcode,34
active,104
activerevision,1
activetime,1
activities,2
activity,1
activitydate,1
activityid,1
actualattendees,2
actualcost,3
actualdate,2
actualduration,2
actualmiles,2
actualsource,3
actualtime,1
actualtrainer,1
actualtrainingdate,1
adddesc,1
added,17
addedby,6
addeddate,3
addedon,1
addedtime,4
addedtoqueue,1
addedwhen,1
addinid,2
additionaltaxes,6
addonid,2
address,21
address1,119
address2,115
address3,61
address4,52
address5,8
addresscity,2
addresscountry,2
addresscounty,2
addresses,1
addressid,2
addresslineone,1
addresslinetwo,1
addresspostcode,2
addtobreakdown,1
addtodeposit,1
addtoprices,1
addtype,7
adhoc,1
adjustment,6
adjustmentid,1
adjustmentvalue,1
adminemail,1
adminid,1
adminnote,2
adminphone,1
adminuserid,8
admission,1
adultage,1
adultcost,1
adultgross,1
adultnett,1
adultprice,4
adultpurchaseprice,3
adults,3393
adultsellingprice,8
adultsonly,3
adulttickets,2
advagencyid,1
advanced,1
advanced_status,1
advcontactid,1
affiliate,6
affiliatecode,1
after,1
aftersales,2
age,3
agecategory,1
ageend,1
agency,5
agencyamount,3
agencybranchid,3
agencygroupid,1
agencyid,1
agencyimage,1
agencyname,31
agencyuserid,4
agencyvalue,1
agent,2
agentbcc,1
agentclosing,1
agentcode,1
agentcomm,1
agentcommamount,2
agentcommission,224
agentcommissionamount,1
agentcommissionlevel,3
agentcommpercentage,2
agentcommvat,2
agentid,42
agentname,3
agentnum,1
agentref,8
agentsid,1
agentsite,1
agentvalue,1
agentvat,224
agentvatlevel,2
ages,2
agestart,1
aggregateid,1
aggregatetype,1
agreedid,1
agtduedate,1
aircom,1
aircon,1
airduettldays,1
airline,5
airlinecode,9
airlinecommission,1
airlineid,11
airlinelogo,1
airlinename,3
airport,3
airport_facilities,1
airport_hotels,1
airportcode,5
airportdescription,1
airportfrom,1
airportfromgroup,1
airportlocation,1
airportname,3
airports,2
airporttax,3
airportto,1
airporttogroup,1
alias,6
align,2
allactions,1
allday,3
allinclusive,2
allitems,1
allocatedcredits,2
allocatedcreditsr,2
allocatedcreditsvalue,1
allocateddebits,2
allocateddebitsr,2
allocateddebitsvalue,1
allocation,7
allocationgroupid,1
allocationid,3
alloctype,4
allowaltcountry,1
allowautocancel,1
allowdirectdebits,1
allowed,3
allowmailing,2
allowsamedayruns,1
alluser,1
alt,1
altdepair,1
altemail,4
altered,1
alternativegroupid,1
altflights,1
altphone,9
altsearchid,1
altsnow,1
alttag,1
alttax,1
amadeus1st,1
amendduedays,1
amended,2
amenities,1
amenitiesid,2
amex,1
amexmerchant,1
amount,92
amountdue,1
amountpaid,1
amountreceived,1
amountrefunded,1
amounttocollect,1
amxmerchantid,1
anbr,1
ancillary,1
announcement,1
announcetype,1
answer,8
answerby,1
answerid,1
answeroptionid,1
answertype,1
aoa,3
apcaccountref,1
api,4
apidoc,1
apikey,2
apipassword,1
apiuser,2
appearedonline,1
appendixno,1
appetite,1
appfee,2
appid,6
appliesto,9
applymanagementfee,1
applyonce,1
appointmenttype,1
approvalid,1
approvalsent,1
approvaltime,1
approvaluserid,1
approveaction,1
approved,7
approvedate,2
approvedby,9
approvedbyproduct,1
approvemessage,1
approver,3
approvetype,1
apr_a_temp_c,1
apr_a_temp_f,1
apr_good_weather,1
apr_ma_temp_c,1
apr_ma_temp_f,1
apr_mi_temp_c,1
apr_mi_temp_f,1
apr_r_cm,1
apr_r_inches,1
archived,12
archivedby,1
archiveremoved,1
archivetime,1
area,10
areacode,4
areadesc,1
areaid,6
areaname,3
areano,1
areasort,1
areasqkm,1
areasqml,1
arrangements,3
arrcode,4
arrdate,2
arrival,2
arrivalairport,1
arrivaldate,1
arrivaldays,2
arrivalflightdate,2
arrivalflightno,2
arrivalflightroute,2
arrivalflighttime,2
arrivaltime,1
arrive,2
arriveat,1
arrivecode,5
arrivedate,11
arriveinfo,1
arrives,4
arriveterminal,1
arrivetime,11
arrterminal,3
arrtime,1
article,2
articlecontent,2
articleid,4
asked,1
askedwhen,1
asker,2
assigned,2
assigned_group,1
assigned_individual,1
assignedid,5
assignedto,10
assignedtoagentid,5
assignedtofix,1
assignedtogroup,3
assignedtostart,2
assignedtostartgroup,2
assignor,1
assignsupporttopm,1
assignto,1
atol,66
atoladdin,2
atolapplication,3
atolbonding,24
atolbooking,1
atolnumber,1
attachcsv,1
attached,1
attachedcostingid,5
attachedid,1
attachedto,10
attachedtoid,6
attachedtotype,3
attachedtype,1
attachementtype,1
attachid,2
attachment,6
attachmentfile,1
attachmentid,4
attachments,3
attachmenttype,1
attachmenttypeid,9
attachtype,2
attempted,2
attempts,5
attendeeid,1
attendeename,1
attendees,4
attending,1
attr_beach,1
attr_beach_chk,1
attr_cost,1
attr_family,1
attr_food,1
attr_foodtype,1
attr_lake_mountains_chk,1
attr_nightlife,1
attr_price,1
attr_price_guide,1
attr_quiet,1
attr_restaurants,1
attr_scenic,1
attr_shopping,1
attr_sightseeing,1
attr_ski_chk,1
attr_skiing,1
attr_skiing_advanced,1
attr_skiing_beginner,1
attr_skiing_intermediate,1
attr_snow_reliability,1
attr_style,1
attr_transfer_time,1
attr_watersports,1
attr_young,1
attractionid,3
attractions,3
attributeid,1
attrtag,1
atype,2
auditdate,1
audited,2
auditedallocatedcreditsvalue,1
auditedallocatedebitsvalue,1
auditedreconciledpaymentsvalue,1
auditedreconciledreceiptsvalue,1
auditid,1
aug_a_temp_c,1
aug_a_temp_f,1
aug_good_weather,1
aug_ma_temp_c,1
aug_ma_temp_f,1
aug_mi_temp_c,1
aug_mi_temp_f,1
august_r_cm,1
august_r_inches,1
authcode,34
authenticated,4
authid,1
authnotes,1
author,2
authorid,2
authorisedate,1
authorisedby,1
authoriseid,1
authreqest,1
authrequired,1
authstatus,1
autocallbackid,1
autocancelextention,1
autocancellationdate,1
autocancellationdocumentid,1
autocancellationid,2
autocombine,2
autocompletedatasetid,1
autocompletestatus,1
autocreateinvoice,24
autodocid,1
autoimport,1
autoincrement,1
autoitineraryancils,1
autopair,3
autopayconfigid,1
autopayment,1
autoreceived,1
autoreplaced,1
autorequest,1
autorooms,1
autosend,2
autosubject,1
autotransfer,1
avail,2
availability,2
available,4
availableseats,3
availableto,1
availcheckin,1
avalancherisk,1
avatarlarge,4
avatarsmall,4
averagerating,1
averagetemperatures,1
avg,3
avgtime,1
awportid,2
awportname,2
aws_deploy_id,1
aws_deploy_id_string,1
awsenv,1
awsmigrated,1
awsregion,1
awsuat,1
axsoneabta,1
axsonedocuments,1
axsonepwd,1
axsoneurl,1
babg_lon,1
babh_adr1,1
babh_adr2,1
babh_city,1
babh_hotel_id,1
babh_hotel_name,1
babh_hotelchain,1
babh_id,1
babh_lat,1
babh_prop_type,1
babh_rating,1
babh_reg_id,1
babh_state,1
babh_zip,1
background,1
backofficeid,29
backofficesystem,2
backrate,1
backup,1
backupoptionid,1
backuporder,1
backupruntime,1
backupwanted,1
bad,1
baggage,4
baggagecost,1
baggagedesc,1
baggageinfo,8
baggagename,1
balance,7
balanceamount,1
balanceauditvalue,1
balancedue,5
balanceduedate,2
balancepaymentdate,2
balancereceived,1
balancerestrict,1
balancesent,1
balancetocollect,1
band,2
bandid,4
bandno,1
bank,1
bankaccount,3
bankaccountnumber,1
bankaddress,2
bankbalance,1
bankchargerate,1
bankchargesupplementid,1
bankdate,1
bankentitlement,1
bankhols,1
bankname,3
bankrecid,17
bankreconciliation,1
bankrecreportid,11
banktransfermethodid,1
bannerid,4
bannerimage,2
bannerlinkurl,1
bannertext,2
bannerurl,2
basecampid,1
basecredit,1
basecurrency,1
basedebit,1
basedns,1
basefare,1
basis,2
basiscode,3
basisid,4
basisinfo,8
basketaddin,2
basketcode,1
basketitems,2
basketitemtypes,2
basketnettprice,1
basketonly,1
basketprice,1
basketrunorder,1
baskets,1
batch,6
batchid,3
batchprocesssorder,1
bc_id,3
bcid,5
beach,1
beautyservices,1
bedata,1
bedconfig,5
bedtype,2
beer_price,1
belongsto,1
belongstoname,1
belowsame,1
benefits,10
bic,2
bid,2
billingaddress1,2
billingaddress2,2
billingaddress3,2
billingaddress4,2
billingaddress5,1
billingcity,1
billingcountry,2
billingcounty,1
billingcurrency,3
billingperiod,4
billingpostcode,2
billingprice,1
billmethod,1
bin,5
birthdate,1
blank,3
blankfooterblock,1
blankheaderblock,1
blankheaderfooter,1
blankquotefooterblock,1
blankquoteheaderblock,1
blobvalue,1
block,1
blockextra,3
blockid,3
blockname,3
blocksevent,1
blocksite,7
blogtext,1
bname,1
board,4
boardbasis,33
boardbasisid,3
bobookingid,4
bocruiseid,1
body,4
bonding,1
bondingtype,4
bondingtypecode,1
bonus,2
booked,3
bookedby,1
bookedcode,2
bookedfare,2
bookedon,2
bookedonhold,1
bookedprice,2
bookedproductid,1
bookedref,1
bookedtype,2
bookfee,1
bookfrom,1
bookid,5
booking_ref,2
bookingbranchid,3
bookingclass,4
bookingcompleted,1
bookingcount,1
bookingcurrency,3
bookingdate,7
bookingdateend,1
bookingdatestart,1
bookingengine,1
bookingfee,1
bookingforbranchid,6
bookingformreceived,15
bookingforteamid,2
bookingforuserid,4
bookinggross,1
bookingid,925
bookinglistid,1
bookingnett,1
bookingno,1
bookingnumber,1
bookingoption,1
bookingownerbranchid,2
bookingownerteamid,2
bookingowneruserid,2
bookingperiod,1
bookingprice,2
bookingref,13
bookingreference,57
bookings,4
bookingsource,1
bookingstatus,3
bookingteamid,2
bookingtype,6
bookingtypes,1
bookinguser,1
bookinguserid,3
bookingvalue,2
booksite,1
booktitle,1
bookuntil,1
bookvalidfrom,1
bookvalidto,1
bookwhere,2
bosuppid,1
bosuppliercode,13
bosupplierid,1
botypeid,1
bought,4
boughtdate,1
boughtseats,2
boughttime,1
boxguid,1
boxid,2
branch,14
branch_string,2
branchcategory1id,4
branchcategory2id,4
branchcategory3id,4
branchcategoryid,1
branchdateformat,28
branchid,111
branchname,4
branchoption,1
branchteamid,25
branchtimezone,28
branchvatinvbranchid,1
branchvatinvoiceid,1
brand,10
brandid,6
brandlist,1
brandofid,1
breachdate,1
breakfast,4
brief,2
briefdescription,1
briefhelp,1
bring_back,1
brochure,1
brochurecode,2
brochuredescription,1
brochureemail,1
brochureid,6
brochurename,1
brochureprice,3
brochureurl,1
browser,1
bucket,3
bucket_exact,1
budget,4
budgetcode,1
budgetcost,2
budgetcostoneway,2
buggyhire,1
buggyincluded,1
bulkuploadid,2
bundleid,3
bundleoptionid,1
business,3
businesstype,1
bust,2
bustdate,1
bustype,1
buttonstyle,3
buyadultcost,5
buychildcost,5
buyinfantcost,5
buyingcurrency,1
buyingprice,5
buyingrate,1
buyorder,1
byuserid,3
cabin,3
cabinbedtype,1
cabincategory,3
cabinclass,1
cabincode,5
cabindescription,2
cabinextra,1
cabingrade,2
cabingrades,1
cabinid,4
cabinlocation,1
cabinname,4
cabinno,4
cabinposition,1
cabinquality,1
cabins,1
cabintype,5
cabinwaittime,1
cachedate,1
cacheflightsearchid,3
cachehotelid,3
cachehotelsearchid,3
cacheid,5
cacheowner,1
cadd,1
calc,1
calctype,1
calendarday,1
calid,2
callbackat,2
callbackbranchid,1
callbackgroupid,1
callbackid,1
callbackurl,1
calledfrom,1
callid,1
callnoavail,4
calltype,1
callwho,1
calypsoref,1
campaign,1
campaigncode,1
campaignid,1
campaignname,2
canassignto,1
canceldate,5
cancelid,1
cancellation,1
cancellationcharge,1
cancellationdate,1
cancellationdocument,1
cancellationdocumentid,1
cancellationemail,1
cancellationfee,1
cancellationfees,3
cancellationinfo,1
cancellationpolicy,3
cancellationpolicyid,2
cancellations,1
cancellationsupplement,1
cancellationtype,1
cancelled,2
cancelledby,1
cancelpolicyoncomplete,1
cancelreason,1
candownloadcsv,1
canlivechat,1
canonicaltag,2
canonicalurl,1
canordertickets,1
cansee,1
canspecifyuserid,1
cansubmitchangeeval,1
cansubmitcontent,1
cansubmitlevel2,1
canxemailcc,1
caonly,1
capability,2
capacity,1
capcity,1
capital,4
capitalcost,2
capitalpayment,1
capitalsp,1
caps,3
caption,1
car_parking,1
car_rental,1
carcode,3
card,4
cardcode,3
cardcode_datacash,1
cardcode_jettahsilat,1
cardcreated,1
cardcreateddate,1
cardholder,3
cardid,2
cardname,3
cardname_datacash,1
cardno,15
cardnumber,2
cardrecordid,28
cardrefund,1
cardsremoved,1
cardsystem,1
cardtransactionid,8
cardtype,20
cardused,1
carduseddate,1
caregory,1
cargroup,1
carparkcode,2
carriedforward,1
carrier,22
carrierid,4
carriername,1
carriertype,3
cartype,1
cashcategorycode,3
cashpassport,3
cashvoucher,1
casted,1
cat35,1
catalogue_id,2
category,27
categoryid,48
categoryname,2
categorynation,4
catid,1
cause,1
cbid,1
ccamount,1
ccc,1
cccharge,4
ccemail,4
ccfee,1
ccpaid,1
ccsystem,30
cctype,2
ccyused,13
ccyusedsov,1
cdata,1
cdate,1
cdeaction,1
cdw,1
centraldocs,1
certid,1
certificatedoc,1
certificateissuer,1
cfgid,1
chainid,2
chances,1
changeaction,3
changeat,2
changed,6
changedat,4
changedate,2
changedby,8
changedbyuserid,1
changedfrom,1
changedon,2
changedto,2
changeid,6
changelog,1
changepassword,1
changes,1
changetext,237
changetime,2
changetype,9
channelid,3
charge,7
chargedate,2
chargedto,1
chargenights,2
chargetype,4
chargetypebank,1
chargevalue,3
chargevaluebank,1
chatid,1
cheappackprice,1
cheappackrating,1
checkdigit,1
checked,1
checkin,15
checkindate,1
checkorder,2
checkout,13
checksum,1
checktype,1
cheque,1
chequeamount,1
child,1
childage,2
childages,2
childbuyingprice,3
childcost,1
childfare,1
childgross,1
childitem,1
childmaxage,1
childnett,1
childpolicy,1
childprice,7
childpurchaseprice,6
childrate,1
children,3398
childsearchid,2
childseats,2
childsellingprice,8
childshare,4
childsite,4
childtickets,2
childtoadult,1
chunk,1
chunk_index,1
chunk_time,1
cid,2
citizenship,1
city,75
citycode,6
cityid,3
cityind,1
cityname,4
claimed_accomm,1
claimed_holidays,1
claimed_meals,1
claimed_other,1
claimed_petrol,1
claimed_rail,1
claimed_taxi,1
class,20
classid,2
cleanlinessrating,3
cleardays,2
cleardays2,2
clickdate,1
clicked,2
clickedid,1
clickedtime,1
clid,1
client,2
clientcode,2
clientcountry,1
clientfop,2
clientgroup,1
clientid,118
clientlastname,1
clientname,3
clientpaymentmethod,2
clientrefund,1
clientsaddressesid,1
clientsignoffdate,1
clientsignoffid,1
clienttester,1
clienttype,1
clientuserid,3
climate,4
clock,1
closeaccdef,3
closed,6
closedate,2
closeday,1
closedby,3
closeddate,3
closednotes,1
closedref,2
closefinance,3
closingdate,2
cloudinarypublicid,1
cloudinaryurl,1
clubrental,1
cmeta,1
cname,1
coa,1
coachno,2
cocarmileage,1
code,60
code_candidate,1
codeft,1
codeid,3
codeinfo,1
codereviewsrequired,1
codeshare,1
codetocruiseid,13
codevalue,2
colour,3
colourstyle,3
column1,1
column10,1
column11,1
column12,1
column13,1
column14,1
column15,1
column16,1
column17,1
column18,1
column19,1
column2,1
column20,1
column3,1
column4,1
column5,1
column6,1
column7,1
column8,1
column9,1
columnid,2
columnname,1
comagent,1
combined,1
comfortrating,3
commamount,1
command,1
commbc,1
commcompany,1
comment,11
commentgroup,1
commentid,4
comments,8
commercialid,2
commission,59
commissionable,16
commissionadj,1
commissionag,1
commissionamount,2
commissiondatetype,1
commissionduedate,1
commissionduedays,1
commissionduetype,1
commissiongst,1
commissionid,4
commissionlevel,1
commissionpaid,1
commissionpayment,1
commissionpct,1
commissionpercent,1
commissionrate,28
commissionsupplement,1
commissiontax,1
commissiontype,3
commissionvalue,6
commrate,1
commsc,1
communications,2
companionid,3
company,2
companycode,1
companyid,9
companymeetinglimit,1
companyname,4
companyreg,1
compare,2
comparison,1
competitionid,1
compiletype,1
complaintdir,1
complaintid,3
complaintnoteid,1
complainttypeid,1
complete,7
completed,39
completed_at,1
completed_items,2
completed_points,1
completed_when,1
completedate,2
completedby,14
completeddate,1
completeddatetype,1
completedon,2
completedstamp,1
completetravelby,3
completioneta,1
complexity,1
componentonly,1
componentpercentageflight,1
componentpercentagenonflight,1
componentspath,1
compulsory,1
condition,1
conditiongroup,2
conditiongroupid,1
conditionid,8
conditionrating,3
conditions,2
configgroupid,5
configid,4
configitem,1
configkeyid,4
configscenarioid,4
configsetid,8
configvalue,1
confirmationdate,1
confirmationreceived,2
confirmationsent,17
confirmcomments,1
confirmdays,1
confirmed,4
confirmedbooking,1
confirmedby,1
confirmedrecords,2
confjson,3
connections,1
connectiontype,1
consortiaid,1
consortiumid,24
consultantextension,2
consultantid,1
contact,4
contactdetail,1
contactdetails,1
contactemail,3
contactemergency,1
contactid,3
contactname,28
contactnumber,2
contactphone,4
contacts,1
contacttime,5
contacttitle,1
contactus,1
content,10
content_status,1
contentfile,1
contentfilename,1
contentlookup,1
contentonly,1
contents,1
contentsource,1
contentspot,5
contenttype,2
context_id,2
contiguous,1
continentid,1
contract,2
contractdateexclusion,2
contractdatefrom,2
contractdateto,2
contractdays,2
contractid,5
contractlength,1
convertchildren,1
convertdate,1
copied,2
copyable,2
coreid,3
coreproductid,1
correctionaction,1
cost,6
costamount,3
costcentre,2
costfor,1
costingexchangerate,2
costingid,314
costingthreshold,1
costnights,1
costnotes,1
costpernight,2
costperunit,3
costprice,5
costtype,1
costvalidation,1
cosupplement,1
count,7
counter,5
country,102
country_id,5
countrycode,14
countrycodelong,1
countrydesc,1
countryid,26
countryinformation,1
countryname,4
countrynumber,1
county,65
countycheck,1
countyid,5
coupleimage,1
couplesurname,1
couponmask,1
courierreference,1
courseid,5
coursename,1
covercode,28
coverdocid,1
coverdocumentid,1
coverid,1
coveringdoc,1
coveringtype,1
coverpage,1
covertype,1
cpn,2
cpu,2
create-revision,1
create_date,1
create_time,1
created,827
created_at,1
createdas,1
createdat,16
createdbranchid,4
createdby,282
createdbybranchid,4
createdbyname,1
createddate,7
createdon,10
createdtype,2
createduserid,4
createstatement,1
creation,1
creationdate,2
creator,1
credentialteamid,1
credit,9
creditcard,6
creditcardcharge,3
creditcardcode,2
creditcardmethod,1
creditcontrolwarn,1
creditdate,1
creditid,1
creditinvoiceid,2
creditlimit,1
creditor,2
creditrating,24
creditsconfirmed,1
creditvalue,5
criteria,6
criteriaid,1
criteriakey,1
criteriavalue,1
cruise,1
cruisecabinsid,1
cruisecode,3
cruisecommission,1
cruisedate,3
cruisefaretype,1
cruisegroupid,1
cruisegrouplimit,1
cruisehomeported,2
cruiseid,21
cruiseid1,1
cruiseid2,1
cruiseline,3
cruiselinesid,1
cruisename,3
cruisenumber,1
cruiseonly,1
cruisepackagecommision,1
cruiseregionid,3
cruisesid,24
cruisetype,3
cruisewarningaccepted,1
csipackage,1
csspath,1
cti2id,1
cti3id,1
ctiid,2
ctime,1
ctrycode,4
ctryname,1
ctrysort,1
curlowestbid,1
currency,120
currencyid,7
currencyshift,3
current,2
currenthandoffid,1
currentnumber,1
currenttask,1
currenturl,1
custcat,1
custom,2
custom1,1
custom2,1
custom3,1
customduedate,2
customemail,1
customer,7
customer_awareness,1
customer_group,1
customer_individual,1
customeraccess,6
customeraddress,1
customerauthenticate,1
customeremail,2
customerglcode,1
customergroupid,1
customerid,56
customername,2
customernotified,1
customerorder,2
customerpaid,1
customerpriority,1
customerreviewid,29
customerreviews,29
customersearchid,3
customertype,2
customlogintemplate,2
custommapimage,2
customname,2
customprice,2
customproxyhost,2
customproxyport,2
customs,2
customsite,3
customstatus,3
customstatusid,19
customsubject,1
customtext,3
customtype,1
custtype,1
cutoff,2
dailyrate,2
dareresolved,1
data,13
databasename,2
datafile,3
datalength,1
datapointid,2
dataset,1
datasetid,1
datasource,1
datasourceid,4
datatrans_authcode,1
datatype,1
date,53
date1,3
date2,3
date3,2
date4,2
date_text,1
date_week_no,1
dateactioned,1
dateadded,5
dateaddtooverdue,1
dateagreed,1
dateapproved,3
datebooked,72
datebookeddate,1
datecalculated,2
datechanged,9
dateclaimed,1
datecommercial,2
datecomplete,1
datecompleted,8
datecreated,70
datedefinedby,1
datedeleted,1
datedelivered,1
datedelivery,4
datediff,3
datedue,1
dateedited,1
dateevaluated,1
dateformat,30
datefrom,5
dategolive,2
dateid,1
dateinserted,1
datelogged,2
dateofbid,1
dateoffsettype,1
dateoffsetunit,1
dateoffsetvalue,1
dateoption,1
dateorganised,1
dateoriginal,1
dateposted,4
datepublished,1
datequeued,1
daterange,1
datereceived,12
datereceivedcustom,2
daterecieved,1
daterecorded,3
datereported,1
daterequested,2
daterequestedfrom,1
daterequestedto,1
datesend,1
datesent,6
datetarget,10
datetime,4
datetimeformat,1
dateto,3
datetype,7
dateuat,3
dateupdated,1
dateuploaded,6
datevalue,1
day,10
daycat,3
daydate,2
dayicon,1
dayid,13
daykey,1
daylimit,1
dayno,4
dayofmonth,2
dayphone,1
days,8
daysbefore,1
daysbtwpaymentschedule,1
daysleft,1
dayspastdue,2
daysplusminus,1
daysrun,1
daysuntil,2
daysworked,1
daytime,2
db,2
dbfield,1
dbname,4
dbtable,1
dbtableid,1
dbtime,1
dcc,1
ddsetup,1
deadline,2
dealtwith,1
dealtype,5
debit,8
debitcard,1
debitcodeid,2
debitcredit,1
debitdate,1
debitonly,1
debug,1
dec_a_temp_c,1
dec_a_temp_f,1
dec_good_weather,1
dec_ma_temp_c,1
dec_ma_temp_f,1
dec_mi_temp_c,1
dec_mi_temp_f,1
dec_r_cm,1
dec_r_inches,1
deckid,3
deckname,3
declined,2
deductagentcommission,1
deduction,3
dedupestr,1
dedupestring,2
deeplink,2
defaultcheckin,1
defaultcheckout,1
defaultdocaction,1
defaultdoclistvalue,1
defaultdocument,1
defaultemergencyname,1
defaultemergencyphone,1
defaultinvoicedocumentid,1
defaultnationality,1
defaultpage,2
defaultpaymentmethodid,1
defaultsearchtype,1
defaultsid,1
defaultslave,1
defaulttodinstructions,1
defaulturl,1
defaultvalue,3
defcode,2
definedby,1
definedorder,1
defineid,1
definition,1
delegateid,1
delegatemeetinglimit,1
deleteaction,1
deleted,1363
deletedat,1
deletedbranches,1
deletedby,7
deletedon,7
deletedtradeaccounts,1
deletedusers,1
deliveredon,1
deliverydate,2
delta,1
denomination,3
dep1,1
dep2,1
dep3,1
dep_day,1
depair,51
depair1,1
depair2,2
depair3,2
depairs,1
depart,2
departcode,8
departdate,17
departfrom,1
departid,1
departinfo,1
department,6
departmentid,2
departs,4
departsbue,1
departterminal,1
departtime,13
departtimetype,1
departuk,1
departure,23
departure_tax,1
departureairport,1
departuredate,8
departureflightdate,2
departureflightno,2
departureflightroute,2
departureflighttime,2
departureid,1
depcity,2
depcode,8
depcodes,1
depcountry,2
depcurr,5
depdate,91
depdateend,2
depdatefrom,1
depdatestart,2
depdateto,1
depdays,2
dependson,1
depflightcode,1
depfusionregionid,2
depgroup,1
deploy_target_id,1
deploymentid,1
depname,3
deposit,6
depositamount,12
depositbooking,2
depositcalculation,2
depositdue,3
depositdueamount,2
depositduedate,14
depositduedays,29
depositid,2
depositinvoice,2
depositmessageid,1
depositonly,1
depositover,1
depositpaid,6
depositpayment,1
depositperiod,2
depositperiodid,1
depositreceived,1
deposits,1
depositsent,1
depositspaid,2
deposittotal,2
deposittype,2
depportcode,1
depportname,1
depterminal,3
depthattop,1
deptime,9
derived,1
desc1,1
desc2,1
description,313
description2,1
description3,1
description4,1
descriptionday,1
descriptionnight,1
design,1
designlead,1
designleadid,1
dest1,1
dest2,1
dest3,1
destair,57
destairs,1
destcity,2
destcode,8
destcountry,8
destcountryid,2
destcurr,5
destdate,5
destfusionregionid,2
destgroup,1
destination,36
destinationId,3
destination_name,2
destination_overview,2
destination_type,2
destinationcode,4
destinationcountries,1
destinationid,7
destinationimage,1
destname,3
destportcode,1
destportname,1
destsupplierid,2
desttime,6
desturl,1
details,3
detailsid,1
detailssub,1
dev,1
dev-revision,1
devbcid,1
developer,1
developeruid,1
developmentleadid,1
deveval,1
devhours,1
devlead,1
devsp,1
devtaken,1
devtester,1
devtime,1
dialcode,1
diallednumber,1
difffile,1
digivalidation,1
dining,3
diningdatetime,1
diningextrainfo,1
diningseating,2
diningsmoking,2
diningwith,2
dinner,4
dinningwith,1
direct,5
directhost,1
direction,6
directions,1
directonly,1
director,1
directport,1
dis_abta,3
dis_accessories,3
dis_ace,1
dis_aito,1
dis_atol,3
dis_booking,3
dis_brochures,3
dis_business,1
dis_choosecruise,3
dis_currency,3
dis_directions,3
dis_exchange,3
dis_fcoadvice,3
dis_flighttimes,3
dis_focus,1
dis_hautos,3
dis_health,3
dis_hextras,3
dis_hotelconnect,3
dis_iata,3
dis_iip,1
dis_insurance,3
dis_knowbefore,3
dis_lighthouse,3
dis_luxury,1
dis_rail,3
dis_spanish,3
dis_superbreak,3
dis_taxis,3
dis_ticket,3
dis_weather,3
dis_worldguides,3
disabled,4
disabledaccess,1
discamount,1
disclosureurl,1
discount,13
discountamount,1
discountdate,3
discountfrom,1
discountid,2
discountpassed,1
discountper,1
discountto,1
discounttype,3
discountvalue,1
discrule,1
discussionid,2
disembarkation,2
dispatchid,1
display,2
display_accommodation,2
display_dining,2
display_disembarkation,2
display_embarkation,2
display_entertainment,2
display_excursions,2
display_extras,2
display_facilities,2
display_onboard_experience,2
displaycurrency,2
displayname,11
displayonwebsite,2
displayorder,11
displaysegments,1
displayto,2
displaytocustomers,2
displayurl,1
distance,4
distancebycar,2
distancebytransport,2
distancewalking,2
distribution,2
dob,28
docactionid,1
doceval,1
docexclusive,1
docfooterblock,1
docheaderblock,1
docid,4
docname,1
docsp,1
docstaken,1
docstime,1
doctext,2
doctype,5
doctypeex,1
document,4
document_id,1
document_insurance,1
document_insurance_check,1
document_jags,1
document_jags_check,1
document_passport,1
document_passport_check,1
document_policyno,1
document_queue_id,1
document_type,1
document_visa,1
document_visa_check,1
documentationonly,1
documentblock,1
documentid,89
documentname,3
documentnumber,2
documentpath,66
documents,1
documenttype,3
doforce,1
dom,1
domain,2
domesticsupplier,1
done,1
dontchecksyntax,1
donttouchusers,1
doors,2
dowhen,2
dpatol,1
dpbookingref,1
dplevel,2
dptype,1
driverage,2
driverid,1
drivername,2
drivingdirections,3
dropdown,1
dropdownoption,2
dropoff,6
dropoffdate,4
dropoffdetail,4
dropoffid,1
dropofflocation,1
dropoffresort,6
dropofftime,1
dropofftype,3
dropped,1
drp_cities,3
drp_cruises,3
drp_essentials,3
drp_exclusives,3
drp_flights,3
drp_holidays,3
drp_specialist,3
dsectionid,1
dstoffset,1
dualnationality,2
due,1
dueamount,1
duechange,1
duedate,42
duedates,1
duedatetype,1
duedays,13
duedifference,1
duetoop,2
duetype,12
dumpvalue,3
duration,45
durationnights,2
durationtype,3
dynamicfieldid,2
dynamicprice,1
dynamictypeid,1
dynapackelementid,1
dynapackengine,1
dynapackmscbookingid,1
dynapackoriginalstatus,1
dynapacksession,1
dynapackstatus,1
eapsfileid,6
eapsinstanceid,1
eapsmasterid,1
eapsonly,5
eapsslaveid,1
easiness,1
eat_drink,1
edid,1
editedat,4
editedby,3
editedon,1
editingsince,1
educational_id,1
eduser_id,3
effectsdeposit,3
ehours,1
elapsed,1
elapsedtime,1
electricity,3
element,2
elementbookedby,1
elementconfirmedstatus,1
elementcount,2
elementdestination,1
elementexrate,1
elementguid,14
elementid,4
elementindex,5
elementpaxtype,1
elementpaymenttype,1
elementstatus,3
elementsupplement,1
elementtype,6
elementtypeid,3
elementtypes,1
elementvalue,1
elevators,1
elite,1
email,198
email1,1
email2,6
emailaddress,2
emailcc,2
emailcontent,1
emailed999,1
emailflag,1
emailfrom,3
emailfromoption,2
emailfromoverride,2
emailid,5
emailmarketing,5
emailoptin,1
emailprefix,1
emailsubject,2
emailtables,1
emailto,6
embarkation,2
embassies_consulates_au,2
embassies_consulates_ca,2
embassies_consulates_uk,2
embassies_consulates_us,2
emergencyemail,2
emergencyname,2
emergencyphone,4
emid,1
employed,1
employmentpost,1
en_master_id,1
en_name,1
enable,1
enabled,7
encrypted,1
end,4
end_date,1
endareaid,1
endbookingdate,1
endbookingtime,1
endcity,2
enddate,3382
endday,1
endlunch,1
endnights,1
endperiod,1
endpoint,1
endpointurl,1
endsale,1
endtime,14
endvalue,1
endx,2
endy,2
enettaccountnumber,27
enettfundtransferpaymentmethodid,1
enettmethod,1
enettvanpaymentmethodid,1
engine,101
enginegroupid,1
engineid,10
enginename,1
enginetype,2
englishid,1
enqbranchid,1
enqchannelid,1
enqid,1
enqsourceid,1
enqteamid,1
enqtradingnameid,1
enquired,1
enquiries,1
enquiry,1
enquirydate,1
enquiryform,2
enquiryid,41
enquiryname,1
enquiryreference,3
enquirytype,2
enquiryuserid,2
enquserid,1
entered,1
enteredby,1
entertainment,3
entry,2
entry_requirements_au,2
entry_requirements_ca,2
entry_requirements_uk,2
entry_requirements_us,2
entrydate,2
entryid,3
enumlist,1
environment,1
errata,9
erratatext,8
error,15
errorat,1
errorcode,1
errorcount,1
errordescription,1
errorfield,1
errormessage,2
errors,7
errorstring,1
errortext,1
errortype,1
escalated,5
escalatedate,1
escalatedby,1
escalatedto,1
escalatehightickets,1
escalateid,1
escalationtime,4
essential,1
essentialid,1
essentialinfo,10
essentialsid,1
estimated,1
estimatedsov,1
eta,3
eticket_recipient,1
eticket_sent,1
eticketinglistid,1
eudays,1
eudistance,1
eupercentage,1
euronetnumber,1
evalcategory,1
evalcompleted,1
evaldate,1
evaleta,1
evaltime,2
evaluatedby,2
evaluatedid,1
evaluations,1
evening,2
event,2
eventan,1
eventat,2
eventdate,1
eventdateid,1
eventfrom,2
eventid,16
eventsownerid,1
eventto,2
eventtype,3
evephone,1
everbeenchangeeval,1
example,1
exception,2
exceptionfield,2
exceptionid,1
exceptions,1
excess,1
exchange_rate,2
exchangerate,255
excludeattraction,1
excludecruise,1
excluded,1
excludefinance,2
excludefromatol,1
excludefromcallbacks,1
excludeinclude,1
excursion,1
excursiondate,1
excursionid,1
excursionname,1
excursions,2
executive,1
exemptvat,1
existingproduct,1
exitdate,9
expensedate,1
expenseid,1
expensename,2
expenses_accomm,1
expenses_holidays,1
expenses_meals,1
expenses_other,1
expenses_petrol,1
expenses_rail,1
expenses_taxi,1
experienceid,4
experiencename,1
expertid,1
expiration,7
expire,2
expired,1
expiredate,1
expiredays,1
expiremonth,1
expires,29
expireyear,1
expiry,2
expirydate,4
expirymonth,1
expiryyear,1
explained,1
export_instruction_id,1
exported,2
exportedby,5
exportedon,5
exportref,1
exporttargets,1
exrate,3
extended_ppprice,1
extended_thirdpax,1
extendedsearch,1
extension,1
extention,1
external,7
externalccycode,1
externalcode,5
externallycontrolled,1
externalmarketing,1
externalname,1
externalref,3
externalreference,5
externalsupplier,1
externaltemplate,1
externaltemplaterow,1
externalurl,1
extra,2
extraadultpax,1
extrachildpax,1
extradays,2
extradult,2
extraid,3
extrainfantpax,1
extrainfo,2
extrainfo1,65
extrainfo2,63
extrainfo3,28
extrainfo4,26
extrainfoname,1
extrainfovalue,1
extramargin,92
extranightrate,2
extrapax,1
extras,3
extratype,2
extreservation,1
facebook,1
facevalue,1
facilities,7
facility,2
facingforward,2
failed,8
failed_message,1
failedat,1
failedreason,1
failureid,1
failures,2
fallbacktype,1
familyid,5
familyname,2
familypolicy,1
faqid,2
farebasis,9
farecash,1
fareclass,2
farecode,4
fareindicator,3
farename,2
farerules,3
faretype,17
fax,51
faxnumber,3
fbformid,3
fcrid,17
fcsubject,1
feature,1
featured,1
featureid,2
features,1
featuretext,1
feb_a_temp_c,1
feb_a_temp_f,1
feb_good_weather,1
feb_ma_temp_c,1
feb_ma_temp_f,1
feb_mi_temp_c,1
feb_mi_temp_f,1
feb_r_cm,1
feb_r_inches,1
fee,3
feedback,2
feedbackid,2
feedbackrequired,1
feeddate,3
feedname,2
femalehandicap,1
ferryid,2
fid,8
fid1,1
fid2,1
field,23
field1,3
field2,1
fieldchanged,2
fieldeditable,1
fieldid,4
fieldname,18
fieldoptions,1
fieldorder,1
fieldrequired,1
fieldtype,3
fieldvalue,5
fifthadultprice,2
file,6
filed,2
filedate,1
fileid,25
filelimit,1
filelocation,3
filename,71
filenett,1
fileno,3
filepath,18
fileprocessed,1
filetime,1
filetype,3
finalauthdate,2
finalauthid,2
finalcommissionamount,1
finalpaymentdate,6
finalstate,2
finalstatus,1
finaltext,1
financeid,1
financenotified,1
financialstatement,1
finishat,3
finished,5
finishtime,3
first_name,1
firstchildprice,2
firstdate,1
firstname,63
fixedinjob,1
fixedperiod,1
fixedprice,2
flags,2
flatfileprice,1
flatresult,1
flexihotelrates,1
fleximargin,1
flexisearch,1
flid,1
flight1,4
flight2,4
flightbaggageallowance,1
flightbrand,3
flightcharge,1
flightclass,7
flightcode,3
flightcode2,2
flightcost,1
flightcover,25
flightcurrency,3
flightdays,1
flightengine,2
flightfaretype,1
flightguid,1
flighthotel,2
flightid,21
flightinternalref,2
flightno,10
flightnumber,6
flightonly,2
flightplus,5
flightplusoptout,2
flightprice,3
flightsid,1
flightsincluded,1
flightsource,3
flightstatementmethod,1
flightstatementsupplier,1
flightsupplier,7
flighttax,1
flighttype,2
floors,2
flyertitle,2
flytan,1
flytanownerid,1
fm_id,1
fmbranchid,2
fmdeleted,1
fmid,6
fmid_contact,1
fmid_user,1
focjob,1
folder,2
folderid,1
followup,3
footer,2
footermargin,1
forcechildids,1
forced,3
forcefixedprice,1
forceimport,1
forcemargin,1
forcepassthrough,1
forcepasswordchange,28
forceudvalue,1
forecastdate,1
forename,1
forexamount,1
format,3
formatid,1
formblock,1
formid,3
formparams,1
formtype,1
formula,1
forproductid,1
foruserid,1
fourthadultprice,2
frameworkid,2
franchisecommission,3
fraudsize,3
fraudtype,3
free,1
freechildren,1
freeday,1
freeformatname,1
freekids,1
freetext,18
freewifi,1
frequency,8
frequencyid,3
frequencyvalue,3
freshsnowdepth,1
friday1,3
friday2,3
friendlyname,4
fromaddr,1
fromaddress,2
fromaddressid,1
fromairport,1
fromcache,1
fromcode,3
fromcurrency,3
fromdatabase,1
fromdate,3
fromemail,2
fromemailname,1
fromid,7
frominstance,1
fromint,1
fromip,1
fromjourney,1
fromlocation,1
fromname,4
fromsearch,1
fromsite,1
fromstr,1
fromtable,1
fromtemplate,1
fromtype,4
fromuserid,1
ftp,1
ftpdir,2
ftpdirectory,1
ftpexternal,1
ftphost,2
ftpid,1
ftpinternal,1
ftppass,1
ftppassword,2
ftppath,1
ftpsecure,1
ftpsendokfile,1
ftpserver,1
ftpuser,3
ftr,1
full_name,1
fullname,51
fullpaxdetail,1
fullpaymentcustomstatusid,1
fullurl,1
fullypaid,1
funcreviewsrequired,1
function,4
function_name,1
functions,9
fundsreceived,1
fundtransferengine,1
fundtransferpaymentmethodid,1
furthersalestax,2
fusion_sid,1
fusionccy,1
fusioncustomerid,1
fusionoption,1
fxnewsupplierdue,1
fxoldsupplierdue,1
fxpayment,1
fxshift,1
fxsupplierduechange,1
fxsupplierduedifference,1
galaxy_opinion,1
galleryname,2
gcalid,1
gdata,1
gdprscheduleid,2
gen_info_id,1
gender,11
general,2
generaldiscountid,1
generalnotes,2
generated,4
generationtime,2
geo_code,1
getblockstring,3
getblockstring2,3
getdetailtook,1
getroomstook,1
getting_around,3
giataname,1
gid,1
glcode,7
glcoderef,1
glcommission,1
glcostofsales,1
glcreditoramount,1
gldebitcode,3
gldebitcoderef,1
glnett,1
glossaryid,2
glossaryterm,1
glrecordid,2
glreportingdate,3
glreportingdatetype,1
gltransactiontype,2
glvaluetype,1
glvariancenett,1
glvariancetopaid,1
glvat,1
gocardlesstoken,1
gog,1
goingaway,1
golfstring,2
good,1
grandparentsourcecodeid,2
greenbookingdate,1
greenfees,1
gridid,4
gridreference,1
gross,5
gross_charge,2
gross_ipt,2
grossbc,1
grosscommission,1
grossdifference,1
grossexchangerate,22
grossfeed,1
grossonmanual,1
grossprice,266
grosssaleprice,1
grosssc,1
grosstotal,2
grossvalidation,1
grossvalue,11
groundhandlerid,1
groundhandlingid,2
groundid,23
group,7
groupallocationid,1
groupby,1
groupcode,1
groupdays,3
groupdiscount,1
groupend,4
groupendtime,4
groupid,135
groupname,5
groupno,2
groupreference,1
groups,1
groupstart,4
groupstarttime,4
groupsuppliercredits,1
gstconfig,1
gstoncharges,1
gsttype,1
gtg,2
guaranteeddeparture,2
guid,3
gym,1
handicapcertificate,1
handledexceptions,1
handlingaddress,2
handlingagency,4
handlingagent,2
handlingamount,2
handlingcompany,2
handlingemergency,4
handlingfee,12
handlingphone,4
handlingtel,1
handoffdate,1
handoffguid,2
handoffid,5
handoffresult,1
handoffsystem,25
handofftime,1
harderror,1
hasbaggage,1
hascontractmatch,1
hasissues,2
hasmeals,1
hasread,2
hasroommatch,1
hasrule,1
hdata,1
header,2
headerlinkurl,1
headermargin,1
heading,9
headline,1
headoffice,2
headtradeaccountid,24
health,2
hearhow,1
hearspecific,1
held,1
help,5
helpful,4
helpfulname,1
helptext,1
hfee,1
hidden,12
hiddenby,1
hiddenon,1
hide,1
hidecreditcardform,1
hideinretailview,1
hidename,2
hideredoquote,1
high_points,1
higheript,1
highlight,2
highlights,3
highlightssignoff,2
highrule,1
history,2
historytext,1
hmbookingid,14
hmcommissionid,23
hmengine,1
hmimportedid,1
hmitemid,3
hmitemtype,2
hmpricerule,1
holdexpirydate,1
holdingpen,2
holentitlement,1
holes,1
holextra,3
holiday_operator,1
holidayid,19
holidaymakerid,20
holyear,2
homecity,1
homeemail,1
homepage,6
homephone,3
homephoto,1
homepickup_service,1
homepickup_url,1
homeported,1
hometext,1
hook,1
hookedon,1
host,4
hostclass,1
hostedby,1
hostname,14
hotel,1
hotel_name,1
hotelagentref,2
hotelbrand,3
hotelclass,1
hotelcode,24
hotelcurrency,3
hoteldesc,1
hoteldisplay,1
hotelengine,1
hotelid,31
hotelinformation,1
hotelmsgtext,1
hotelmsgtitle,1
hotelname,29
hotelonly,1
hotelprice,3
hotelquote,1
hotels,1
hotelsid,1
hotelsource,3
hotelsupplier,9
hoteltype,1
hour,2
hourlimit,1
hours,2
hoursplanned,3
hourstaken,5
housenoname,1
housenumber,1
how,4
howbooked,3
howlong,2
howoften,2
html,4
htmlentity,1
htmlfile,3
htmlsymbol,1
hubid,2
humidity,1
hzid,1
iata,55
iata_code,1
iataairlinecode,1
iataairportcode,1
iatacode,1
iatalocation,1
iatanumber,4
iban,2
ibosbookingid,6
ibosconsortiaid,29
iboshandoff,2
ibosid,2
ibospaymentmethodid,2
ibosportfolioid,1
ibosref,1
ibosreference,2
ibossuppid,1
ibossupplementaction,1
ibossupplier,2
ibossuppliercodeid,15
ibossupplierid,19
ibossuppprofitonly,1
ibostype,2
ibosusers,1
icao,1
icon,4
iconletter,1
iconurl,3
icountry,4
ict,1
ictconfigid,1
ictlead,1
id,6987
idchanged,1
idnumber,1
ids,4
idstring,2
idtype,1
iexpire,4
ignorecontacts,1
ignorecustomduedate,1
ignored,1
ignoreexception,1
ihsresort,2
image,14
image1,3
image2,3
image3,3
image4,3
image5,3
imageadded,2
imageid,28
imagename,4
imageorder,1
imagepath,1
imagepos,2
imagesize,1
imagesmall,1
imagetype,2
imageurl,4
immediateticket,6
import_instruction_id,1
importance,1
importdate,3
impt_acode,1
impt_amnt,1
impt_bchn,1
impt_ccode,1
impt_ddate,1
impt_eamt,1
impt_evat,1
impt_hdtls,1
impt_invno,1
impt_ipref,1
impt_ldgr,1
impt_mdtls,1
impt_otref,1
impt_pstd,1
impt_seqn,1
impt_sman,1
impt_stamp,1
impt_stus,1
impt_tdate,1
impt_trans,1
impt_unbch,1
impt_vamt,1
impt_vcod,1
inactivatedat,1
inactive,1
inairport,1
inarrdate,1
inarrivaldate,5
inarrivaltime,5
inarrivecode,4
inarrivedate,3
inarrivetime,6
inarrtime,1
inbookingclass,1
inboundairline,2
inboundarrival,1
inbounddate,2
inbounddatetime,1
inbounddeparture,1
inbounddestination,2
inbounddestinationcode,2
inboundelementguid,1
inboundflightno,2
inboundid,2
inboundstation,2
inboundstationcode,2
inboundtime,2
inbudget,1
incarrier,5
incarriercode,1
incentiveper,1
incentivetype,1
incentivevalue,1
includebranch,27
includedproducts,1
includeinnettprice,1
includepackage,1
includetaxcodes,2
includetickets,1
indate,1
indent,2
indepartcode,4
indepartdate,8
indeparttime,11
indepdate,1
indeptime,1
indetails,2
indexvalue,1
individualid,1
individualtaxnumber,2
indropoff,1
industry,1
inemergencyphone,1
infantbuyingprice,3
infantprice,6
infantpurchaseprice,6
infantrate,1
infants,59
infantseats,2
infantsellingprice,8
infanttickets,1
inferryno,2
infinitycallid,1
infinityonly,1
inflightarrtime,1
inflightclass,1
inflightdate,1
inflightno,11
inflighttime,2
info,5
infodescription,1
infoid,1
information,5
information_type,1
inhotel,1
initial,2
initials,3
initialtraveldate,2
injourneytime,1
inlocation,1
inpickup,1
inpickuptime,4
inprice,1
inprogress,3
inputtype,1
insprint,1
installments,1
instalmentamount,1
instalments,2
instance,6
instanceerrata,1
instanceid,4
instruction_id,1
instructions,6
insupplierid,1
insupplierphone,1
insurance,3
insuranceassistancecompany,2
insurancecompany,2
insurancepolicynumber,2
insuranceruleid,1
insurancetelnumber,2
intel,5
intelligence,4
intenbudget,1
interest,1
interests,2
interminal,3
internal,5
internalcharge,1
internalhelp,1
internalname,1
internalonly,2
internalref,11
internalurl,1
intervaltype,2
intime,1
intref,1
intro,1
introduction,7
inuse,1
invalidaterule,1
invehicle,2
invehiclecount,1
invehiclename,1
invehicleseats,1
invited,1
invoice,1
invoicecommission,4
invoiced,1
invoicedate,3
invoiceduedate,2
invoicefileid,1
invoicegross,3
invoiceid,10
invoiceno,3
invoicenoformat,1
invoicenosize,1
invoicenumber,2
invoicereceiptid,1
invoicereference,3
invoicerepricingthreshold,1
invoicetype,2
inwardvia,4
ip,10
ipaddress,6
ipaddress1,2
ipaddress2,2
iphone,1
ipt_rate,2
iptpp,1
irishdeps,1
isallairports,1
isbestiataresort,1
iscancel,1
iscancellation,1
iscapital,2
isclientcomment,2
isclosed,1
isconditiongroup,1
isconfirmed,1
iscredit,3
isdefault,1
isdepositpayment,2
isdiscount,1
isdomestic,2
isdraft,2
isellusers,1
isflatrate,1
isgdpr,1
isgltransaction,1
isimported,4
isinsurancediscount,1
isinvoice,1
ismanualhandoff,1
isnontravel,1
isnotticketed,1
iso,1
iso2,1
iso3,1
iso_world_region,2
isocode,10
isocodethree,2
isoint,1
isperpassenger,1
isproject,1
isref,2
isretail,1
isretailsupplier,1
isreversal,1
isreversed,1
isstaref,2
isstudent,1
issue,4
issuedate,3
issueid,26
issueleft,1
issueno,4
issueright,1
issuetime,1
issupplier,1
issupplierdocument,1
issuppliersupplement,1
istart,4
isticketed,1
istranslated,1
isunaccompanied,2
isunique,1
isurgent,1
iswholesale,1
item,2
item1_id,1
item1_type,1
item2_id,1
item2_type,1
item_id,1
item_type,1
itemcode,7
itemday,4
itemengine,1
itemid,154
itemkey,2
itemname,7
itemno,3
itemorder,5
itemprice,2
items,3
itemscount,1
itemsequence,2
itemtype,68
iterations,3
itinerary,4
itinerarycode,4
itinerarydescription,1
itineraryid,3
itinerarykey,2
itinerarymap,1
itineraryprice,1
itinid,4
itinitemkey,1
itx,1
jan_a_temp_c,1
jan_a_temp_f,1
jan_good_weather,1
jan_ma_temp_c,1
jan_ma_temp_f,1
jan_mi_temp_c,1
jan_mi_temp_f,1
jan_r_cm,1
jan_r_inches,1
jetid,1
jiranumber,1
jobdesc,2
jobid,26
jobid1,1
jobid2,1
jobname,2
jobno,2
jobnumber,10
jobownerbcid,1
jobownersp,1
jobownertaken,1
jobownertime,1
jobserver,2
jobtitle,4
joinafterstart,2
joiningpointid,5
joinnumber,1
jointype,1
journaldate,1
journalentry,6
journalonly,2
journaltype,1
journey,6
journeyid,5
journeytag,1
journeytime,3
journeytype,1
json,9
jsonmd5,2
jsonpaymentinfo,1
jspath,1
jul_a_temp_c,1
jul_a_temp_f,1
jul_good_weather,1
jul_ma_temp_c,1
jul_ma_temp_f,1
jul_mi_temp_c,1
jul_mi_temp_f,1
jul_r_cm,1
jul_r_inches,1
jumpstart,1
jun_a_temp_c,1
jun_a_temp_f,1
jun_good_weather,1
jun_ma_temp_c,1
jun_ma_temp_f,1
jun_mi_temp_c,1
jun_mi_temp_f,1
jun_r_cm,1
jun_r_inches,1
keepalivechar,1
keepkeysid,1
keepsecret,1
key,2
keyaccount,3
keycollection,4
keyid,10
keyname,8
keyphrase,1
keyvalue,1
keyword,3
keywordid,3
keywords,1
kidsclub,2
knownproblem,1
knowtype,1
kpi,1
label,2
labelname,1
ladd,1
landactivities,1
landscape,1
lang,14
language,66
language_id,1
languagecode,14
languages,1
lanuguage,1
last_name,1
last_run,1
last_update,1
lastaccess,1
lastaccessed,1
lastactive,4
lastactivetimeout,2
lastchange,1
lastchecked,1
lastcontent,1
lastdate,1
lastedited,15
lasteditedby,15
lasteditted,2
lastenforced,2
lastexported,1
lastgenerated,1
lastgeneratedby,1
lasthandoff,1
lastimported,1
lastinvoice,1
lastloadedfinish,1
lastloadedrows,1
lastloadedstart,1
lastlogin,4
lastlogintime,30
lastmeeting,1
lastmerged,3
lastmergedby,3
lastmessage,2
lastmod,2
lastmodified,1
lastname,52
lastparsedfinish,1
lastparsedstart,1
lastpasswordchange,28
lastpost,1
lastposted,1
lastposter,2
lastprocessid,1
lastpublished,1
lastpublishedby,1
lastpurchasedate,3
lastrun,1
lastseen,3
lastsnow,1
lastsnowed,1
lastsyncdate,1
lasttranslated,1
lasttranslatedby,1
lasttraveltek,1
lastupated,1
lastupdate,1
lastupdateby,1
lastupdated,468
lastupdatedby,19
lastupdatedfield,1
lastupdatedunixtime,1
lastused,3
lastuserid,1
lat,32
lateavail,1
latestrevision,1
latitude,10
layout,1
lead,2
leadcontact,2
leadname,5
leadpassenger,2
leadprice,1
leadsupplier,1
ledgerid,1
legacy,3
legid,1
length,4
lengthhours,1
lengthminutes,1
lengthofpolicy,1
lengthtype,1
lessonid,3
lessontitle,1
letter,1
level,10
level1,1
level2,1
level3,1
levelname,1
levelone,1
leveltwo,1
lhours,1
licence,1
license,1
licensecountry,2
lieuduration,1
lifestyle,1
liftpassid,1
liftsopen,1
liftstotal,1
lim,1
limiter,1
limitid,2
limitqualifier,1
line,2
line1,2
line2,2
line3,1
linecode,1
lineid,3342
linename,3
lineno,3
linenumber,1
link,6
linkage,1
linkedbankrecid,1
linkedfrom,1
linkedin,1
linkeditemid,1
linkeditemtype,1
linkedoptionid,1
linkedto,1
linkedtoref,1
linkname,1
linktable,1
linktext,1
linktype,1
linkurl,1
list,3
listid,14
listident,2
listids,1
listname,1
listorder,1
live,4
liveonly,1
liveresult,1
lname,1
loadavg,1
loaddate,1
loaded,2
loaderid,2
loadorder,1
localair,2
localid,254
localsessionkey,3
localtype,1
location,32
locationcode,1
locationcounts,1
locationid,25
locationsairportid,1
locationscountryid,1
locationsresortid,1
locationstring,4
locationtext,6
locationtype,5
locked,28
lockedcharge,1
lockeddown,3
lockedout,1
lockliveamends,1
locklogin,2
lockloginattempts,2
lodgedcardid,20
log,4
log_entry,1
logdata,1
logdate,1
logdesc,1
logentry,39
logged,1
loggedat,5
logging,1
logid,1
loginat,1
loginattempts,1
loginattempttime,1
loginclientcode,1
loginid,2
logininfo,1
loginkey,2
loginlockeduntil,2
logintemplate,1
logmessage,1
logmsg,1
logo,5
logoimage,2
logontime,1
logopath,28
logotype,1
logourl,1
logtype,3
lon,32
longdescription,2
longitude,10
lookup,1
lostreason,1
lowdeposit,3
lowdepositamount,1
lowdepositduedate,1
lowdeposits,1
lower_boundary,1
lowerdepth,2
lowestbidid,1
loyaltynumber,1
loyaltypoints,4
loyaltyprogramcategoriesid,1
loyaltyprogramid,4
lunch,4
lunchincluded,1
mail,2
mailallowed,2
mailbagaccess,3
mailerid,1
mailingid,11
mailinglist,1
mailinglistcatalogueid,1
mailingname,1
mailmessageid,1
mailto,1
mailtype,2
main,3
mainaddress,1
maincontact,1
maincontactid,1
mainimage,1
mainimage_additionalinfo,1
mainimage_imagetitle,1
mainimagethumbnail,1
mainimagethumbnail_additionalinfo,1
mainimagethumbnail_imagetitle,1
majorcity,1
make,2
malehandicap,1
managementfeebasis,1
managementfeerate,1
manager,1
manageremail,28
managerid,1
mandate,7
mandatecancelleddoc,1
mandatecreateddoc,1
mandatefaileddoc,1
mandatereinstateddoc,1
mandatereplaceddoc,1
mandatetransferreddoc,1
mandatory,17
mandatoryattractions,1
mandatorycarhire,1
mandatorytransfers,1
manualdata,4
manualelementid,1
manualhotelfilter,1
manualline,3
manualpercent,1
manualprice,22
manualship,3
manualspecialsfilter,1
manualspecialslimit,1
manualspecialsshowcheapest,1
manualspecialszoneid,1
manualtotal,2
manufacturer,1
map,2
mapinfo,1
mappingid,1
mappingoption,1
mappingtype,1
mappingtypeid,1
mapref,4
mar_a_temp_c,1
mar_a_temp_f,1
mar_good_weather,1
mar_ma_temp_c,1
mar_ma_temp_f,1
mar_mi_temp_c,1
mar_mi_temp_f,1
mar_r_cm,1
mar_r_inches,1
margin,1
marginid,1
markedby,1
markeddate,1
marker,1
markertag,1
market,1
marketing,2
marketingoption,1
marketingref,1
markone,1
marktwo,1
markup,6
markupid,3
markupname,1
master_cnt,1
master_crc,1
masterclient,1
match,1
matchcount,2
matchedrecords,1
matchtext,2
matchtype,2
mathtype,5
matrixid,1
max,6
max_age,2
max_cost,1
max_days,2
max_guests,1
maxadults,4
maxamount,1
maxcheckedbaggage,1
maxchildage,7
maxchildren,4
maxcommission,1
maxcpc,2
maxdays,1
maxextrapax,1
maximumvalue,1
maxinfants,2
maxluggage,3
maxmem,1
maxnettprice,1
maxocc,4
maxoccupancy,2
maxpassengers,1
maxpax,1
maxprice,2
maxresults,2
maxsignup,1
maxstay,3
maxstayday,3
maxstaymonth,3
maxtime,1
may_a_temp_c,1
may_a_temp_f,1
may_good_weather,1
may_ma_temp_c,1
may_ma_temp_f,1
may_mi_temp_c,1
may_mi_temp_f,1
may_r_cm,1
may_r_inches,1
mcp,2
mcpnonflight,1
mcponly,1
mdtrsupplementid,1
mealincluded,4
mealname,2
mealoption,2
meals,1
mealsinfo,8
measuredfromprimary,1
measuredfromsecondary,1
meetingid,2
meetinglength,1
meetingnotes,1
meetings,2
meetingtime,1
memberaccess,3
memberid,1
memberprice,1
membershiphelp,1
membershipname,1
membershipno,1
membershippattern,1
membershippoints,1
membersite,5
memorylimit,1
merchandisingid,2
merchant,2
merchantcode,1
merchantfee,5
merchantfeegst,5
merchantfeejournal,1
merchantfees,3
merchantfeesreconciled,2
merchantid,2
merchantkey,1
merchantno,4
message,18
messageid,5
messageread,1
messagetext,1
metadesc,1
metadescription,4
metakey,2
metakeywords,4
metavalue,1
method,8
methodid,14
microseconds,1
middlename,15
miles,1
milestone,2
milestone_bc_id,2
milestoneid,4
min,6
min_age,2
min_cost,1
min_days,2
minadults,3
minbaskettypes,2
minchildage,4
minchildren,2
mindays,1
minerhotelfilter,1
minerspecialsfilter,1
minerspecialslimit,1
minerspecialsshowcheapest,1
minerspecialszoneid,1
minimumsell,1
minocc,3
minpax,1
minprice,4
minpricetype,1
minsell,1
minstay,3
minstayday,3
minstaymonth,3
mintime,1
miscsalesid,1
misctypeid,1
missing,2
missingtime,1
mitigation,1
mixedclass,1
mnet,1
mnetandpublished,1
mobile,22
mobilephone,3
model,2
modified,3
modifiedon,2
modifyrule,1
moduleid,4
monday1,3
monday2,3
money,3
moneydirectcode,4
month,6
monthdate,1
monthlimit,1
monthly,4
monthlycost,2
monthlypayment,1
monthlysp,1
monthone,1
months,1
monthstart,1
monthyear,2
moredetails,1
moremoney,1
movedat,1
mprivatefares,1
mprivateonly,1
mrr,1
mscbookingid,1
multiairportsearch,1
multicurrency,1
multidest,1
multihotel,1
multilingual,1
multiple,9
multiplier,2
multirequests,1
multiuse,1
mustapportion,1
mutexid,3
name,627
namede,1
namedusers,1
nameoncard,2
nametype,8
narrative,3
narrativeid,4
nationality,4
nationwide,4
ncf,2
nda,1
needpermission,1
negative,1
net,1
netandpublished,1
netcommissions,1
netprice,1
nett,26
nettbc,1
nettchildprice,1
nettdifference,1
nettexchangerate,22
nettfees,1
nettinfantprice,1
nettipt,1
nettoftax,1
nettotal,1
nettprice,268
nettpriceid,1
nettsc,1
nettsinglesupplement,1
netttotal,2
nettvalue,11
newairline,1
newbankaccount,1
newbooking,1
newbranches,1
newconversion,2
newcount,1
newdate,2
newdue,1
newfeature,1
newgross,1
newholiday,1
newhotel,1
newid,3
newlivedate,1
newmandate,2
newmerchant,1
newnett,1
newoptionalextras,1
newpage,2
newpagesend,1
newpassword,1
newprice,4
newprobability,2
newreceipt,1
newroute,1
newstatus,2
newsupplierdue,1
newteletextcod,1
newtocruise,1
newtotalseats,1
newtradeaccounts,1
newusers,1
newvalue,11
nicename,7
nicetype,1
niceurl,1
nickname,1
night_life,1
nighticon,1
nightlife,2
nights,3379
nightsdefault,1
nit,1
nlcode,4
nobookreason,1
noconfirmation,1
nocurrencysymbols,1
nodata,1
nodays,2
nodea,1
nodeb,1
nodepositasgross,1
nodepositperiod,1
nodrop,1
noedits,1
noemailreason,5
nofollow,1
noindex,1
noisellbasic,1
nokaddress1,2
nokaddress2,2
nokaddress3,2
nokaddress4,2
nokname,2
nokphone,2
nokrelationship,2
nomeals,1
nonconvertible,1
nonmemberprice,1
nonrefundable,1
nopages,2
noresults,1
norules,1
nosingles,3
note,22
notedatetime,1
noteguid,2
noteid,5
notes,31
notetext,1
notetype,2
notice,1
noticecontent,1
noticetype,1
notification,1
notificationid,1
notify,1
notinnav,1
notnull,1
nov_a_temp_c,1
nov_a_temp_f,1
nov_good_weather,1
nov_ma_temp_c,1
nov_ma_temp_f,1
nov_mi_temp_c,1
nov_mi_temp_f,1
nov_r_cm,1
nov_r_inches,1
nowvalue,1
number,11
numberfield,1
numbernights,3
numberofcodes,1
numerictarget,1
nxsearch,1
oap,1
obccurrency,2
objective,5
objectives_destination,2
objectives_operator,2
objectives_other,2
objectives_other_text,1
objectives_product,2
objectives_resort,2
objectives_sales,2
obodsetting,1
obsolete,1
obstructedview,1
occasion,1
occasiondate,1
occupancy,3
occupants,1
occuredat,1
oceanemail,1
oceanspirit,3
oct_a_temp_c,1
oct_a_temp_f,1
oct_good_weather,1
oct_ma_temp_c,1
oct_ma_temp_f,1
oct_mi_temp_c,1
oct_mi_temp_f,1
oct_r_cm,1
oct_r_inches,1
offerdate,1
offeredcode,2
offeredfare,2
offeredprice,2
offeredtype,2
offerid,7
offerlimit,3
offername,1
offerperiod,1
offerroom,1
offers,1
offersbyemail,2
offersbypost,2
offersgenerated,3
offertype,1
officephone,1
offimage,1
offpistesnow,1
oldassigned,2
oldbankaccount,1
oldcitycode,1
oldconversion,2
olddue,1
oldgross,1
oldid,4
oldlivedate,1
oldnett,1
oldpassword,1
oldprobability,2
oldstatus,2
oldsupplierdue,1
olduserid,1
oldvalue,10
onboard_experience,2
onboardcredit,2
onceperportfolio,3
oneorall,1
onepaxperroom,2
oneway,5
onhold,2
onhome,2
onhomepage,2
onlineemail,1
onviewdata,1
ooh,3
oohsprint,1
oophone,1
opcarrier,2
openbalance,1
opendate,2
opened,1
openedby,1
opening_time,1
openinghours,2
openledgers,5
openledgervalue,1
openstock,1
opentimes,1
operation,1
operation_type,1
operator,15
operator_feedback,1
operator_organisation,1
operatoraccess,3
operatorcode,2
operatorid,21
operatorname,6
operatorreference,2
ophomepageprefs,1
opimagesid,1
opinions,3
opref,1
optional1,1
optional1debit,1
optional2,1
optional2debit,1
optional3,1
optional4,1
optionalbasketitemtypes,2
optionexpires,1
optionexpirydate,1
optionid,12
optionitem,1
optionkey,2
optionname,2
optiononly,2
options,5
optiontext,1
optiontype,1
optionval,1
optionvalue,2
optionvalue1,1
optionvalue2,1
optionvalue3,1
optionvalue4,1
optionvalue5,1
optout,3
order,1
orderby,2
orderdate,1
orderid,4
ordernarrative,1
orderno,2
ordernotes,2
ordertime,1
ordertype,5
organisationid,1
organiser,1
origin,1
originalcapital,1
originalcode,2
originalcount,1
originalcurrency,25
originalcutoverteamid,19
originalfare,2
originalid,2
originalitemprice,2
originalmonthly,1
originalname,6
originalnettdue,1
originalnettprice,2
originalprice,33
originalproducts,1
originalprofit,1
originalreceipt,1
originalrecord,1
originalresort,1
originalseverity,2
originalstatus,36
originaltotal,2
originaltype,2
originbooking,1
originid,1
originurl,1
origname,1
os,2
osbanking,1
oscommission,5
oscommissionvalue,1
osgst,2
osgstvalue,1
osicode,1
osmerchantfees,1
ospaymentgate,5
ospaymentgatevalue,1
ospayments,5
ospaymentsvalue,1
osreceipts,5
osreceiptsvalue,1
osthirdparty,5
osthirdpartyvalue,1
other,3
otherbond,1
othercost,1
otherinfo,3
othernotes,1
otherpermissionid,1
otherrefs,3
othersitetest,1
ourpriority,1
outairport,1
outarrdate,1
outarrivaldate,5
outarrivaltime,5
outarrivecode,2
outarrivedate,6
outarrivetime,9
outarrtime,1
outbookingclass,1
outboundairline,2
outboundarrival,1
outbounddate,2
outbounddatetime,1
outbounddeparture,1
outbounddestination,2
outbounddestinationcode,2
outboundelementguid,1
outboundflightno,2
outboundid,2
outboundstation,2
outboundstationcode,2
outboundtime,2
outcarrier,3
outcarriercode,1
outcome,4
outcomedate,3
outconnections,3
outdate,1
outdepartcode,3
outdepartdate,11
outdeparttime,14
outdepdate,1
outdeptime,1
outdetails,2
outdropoff,1
outemergencyphone,1
outerblockname,1
outferryno,2
outflightarrtime,1
outflightclass,1
outflightdate,1
outflightno,14
outflighttime,2
outjourneytime,1
outlocation,1
outpickup,1
outprice,1
output,1
outputfile,1
outputname,1
outstanding,10
outstandingtoop,2
outstops,3
outsupplierid,1
outsupplierphone,1
outtenbudget,1
outterminal,3
outtime,1
outvehicle,2
outvehiclecount,1
outvehiclename,1
outvehicleseats,1
outwardvia,3
over55,3326
overall_opinion,1
overallrating,3
overduetype,2
overduewith,1
overnightin,1
overnightout,1
override,1
overridecommission,5
overridecontent,1
overrideduedays,1
overrideemailonapi,1
overridefield,1
overridehandoff,1
overrideid,1
overrideindicator,1
overridenoatoltosupplier,1
overrideonrequest,1
overrideroom,1
overrides,4
overridetradeheader,1
overridevalue,1
overunder,1
overview,4
overviewdocumentid,1
overviewshort,1
owneird,1
owner,1
ownereval,1
ownerid,5035
ownertester,1
owningbranchid,1
owningonlineuserid,1
owningsid,1
owningsite,1
owninguserid,1
ownstock,1
ownstockid,1
ownsupplier,1
ownuser,1
pack,1
package,6
packageengine,1
packageholiday,1
packagehotelid,2
packageid,10
packagename,1
packageonly,5
packageorder,2
packagesid,1
packid,5
page_impression_count,1
pagedatasourceid,1
pagedescription,2
pageid,34
pagekey,1
pagekeywords,2
pagename,2
pagenumbers,1
pageorder,1
pageowner,2
pageping_id,1
pagesectionid,3
pagestring,1
pagetext,2
pagetitle,3
pagetook,2
pagetype,1
pageversion,3
pageviews,1
pahticketcoverdocid,1
pahurl,2
paid,35
paidamount,3
paidby,3
paidcommission,1
paiddate,2
paidinfull,2
paidon,22
paidtoop,2
pair,3
pairid,3
par,1
param,3
parameter,1
parameters,8
params,11
parent,3
parent_code,2
parent_cr,1
parentbranch,1
parentcodeid,2
parentcostingid,2
parentdetails,1
parentgroupid,1
parentid,9
parentitem,1
parentitemid,1
parentitemtype,1
parentpageid,3
parentrelativeid,1
parentsearchid,2
parentsid,1
parentsite,19
parentsourcecodeid,2
parenttask,1
parentuser,1
parentview,1
parentviewid,1
partnerids,1
partpayamt,1
pass,8
passcode,3
passdocumenttype,1
passed,1
passengercountmax,2
passengercountmin,2
passengerid,13
passengers,11
passengertypeid,4
passid,1
passlevel,1
passport,4
passport_visa,2
passportauthority,2
passportexpire,1
passportexpiry,3
passportexpirydate,1
passportissue,1
passportissuecountry,2
passportissuedate,1
passportnumber,1
passportplaceofissue,2
passportstart,3
passthrough,8
passtype,1
password,93
passwordchanged,1
passwordkeyid,1
passwordlength,1
passwordupper,27
path,15
pathhash,1
pax,3
paxcount,2
paxguid,1
paxid,1
paxname,3
paxno,1
paxnumbers,6
paxpopulate,1
paxtype,6
payee,1
payment,8
paymentaccepted,1
paymentamount,1
paymentcancelleddoc,1
paymentchargedbackdoc,1
paymentcode,1
paymentcostingid,2
paymentdate,9
paymentdatetype,3
paymentdue,1
paymentduedate,24
paymentduedays,27
paymentdueoverride,2
paymentduetype,27
paymentfaileddoc,1
paymentgateapimethod,1
paymentgateattachments,1
paymentgatecoverdoc,1
paymentgatemethod,1
paymentguid,1
paymentid,14
paymentinterval,2
paymentmade,1
paymentmethod,10
paymentmethodid,43
paymentnotificationdoc,1
paymentplanid,9
paymentreceiptdoc,1
paymentref,2
paymentreference,4
paymentrefundeddoc,1
payments,2
paymentscheduleid,1
paymentstatus,2
paymentsuccess,1
paymentsupplierid,2
paymentsuppliername,3
paymenttype,11
paymethod,2
payout,2
paypal,2
paysafeapikey,1
paysafepassword,1
paysafeusername,1
payslipdate,1
payslipid,2
pdffile,3
pdffootersize,1
pdfheadersize,1
pdid,1
peerbcid,1
peereval,1
peersp,1
peertaken,1
peertime,2
penaltiesdate,3
pending,7
pending_reason,1
pendingautoclose,2
pendingoriginalid,1
per,3
peradcpc,1
percamount,1
percentage,4
percentagedone,1
percentcomplete,3
percentcompleted,2
percentdone,3
percentshare,1
percminimum,1
perday,1
perelement,1
performedbyuserid,1
performlimit,1
period,5
perioddate,1
periodid,7
periodinterval,1
periods,1
periodtype,1
peritem,4
permission,10
permissionid,7
permissionname,1
permissiontype,1
perpage,1
perperson,2
person,1
personal,1
personal_objective,1
personalmessage,1
personalpronoun,1
personid,2
persontype,2
perwhat,2
pgconfirmationdocumentid,1
pgconfirmationfromemail,1
pgconfirmationfromname,1
pgftr,1
phaseid,11
phone,37
phone1,5
phone2,1
phonemarketing,2
phoneno,1
phonenumber,1
photo,6
photoid,1
phrase,2
phraseid,1
pick,4
pickup,5
pickupdate,4
pickupdetail,4
pickupid,1
pickupinfo,5
pickuplocation,3
pickupresort,6
pickupresortid,1
pickuptime,1
pickuptype,3
picture,4
pictureused,1
pid,3
pidid,12
pin,1
pistephrase,1
pistestate,1
place,3
placecode,2
placeid,1
placename,1
placeno,2
placeofbirth,2
placetype,1
plan,3
planid,22
platecode,1
platform,1
platformoffer,1
platingcarrier,3
players,1
plusminus,3
pmamessageid,2
pmaresponse,1
pname,1
pnr,7
pnrpull,1
pnrref,2
points,8
pointsvalue,4
policy_nextno,2
policy_prefix,2
policy_startno,2
policyaction,1
policyid,4
policynumber,4
policytype,2
policytypeid,20
pomttldays,1
pool,1
pools,1
pop,5
population,1
popuphelp,1
port,3
portaluser,1
portcode,1
portfoliodata,1
portfoliofinalisationstatusid,1
portfolioflags,2
portfolioid,29
portfolioref,3
portfolioreference,6
portid,6
portname,1
portrange,1
ports,1
position,33
positionid,1
positiononship,2
possiblematches,3
postalmarketing,4
postaloptin,1
postaltown,2
postcode,132
postcodezip,1
postdate,2
postdatedtxn,1
posted,7
postedat,9
postedby,6
postedon,1
posteraccess,3
posterid,2
postid,2
postrevcodeid,1
postrevdebitcodeid,1
posts,2
posttransaction,1
posttype,5
poswindow,1
ppcostingid,1
pppn,2
ppreceiptid,1
pq,1
prcarmileage,1
preapprovedby,1
preapproveddate,1
preapproverequest,1
preauthdate,2
preauthid,2
precedence,1
pref_help,1
preferences,1
preferredgds,26
preferredreceipts,1
preferredsupplier,1
preferredsupplierdoc,1
prefs,1
preivousdate,1
preparedby,1
preparedon,1
previewimage,1
previous_revision,1
previousaccess,1
previousdate,1
previouseta,1
previousgross,1
previouspassengers,1
previousprice,2
prevsprint,1
price,72
price1,2
price2,2
price_gross,2
price_nett,2
price_range,1
priceabove,1
priceas,1
pricebandid,2
priceby,1
pricecode,4
pricecodename,1
pricecolour,1
pricedisplay,1
priceedit,1
pricefrom,1
pricegrid,2
priceid,6
priceinfo,2
priceper,1
pricerange,2
pricesfor,1
pricesper,2
pricespertype,1
priceto,1
pricetype,13
pricevalidfor,1
pricingid,1
primarycontact,1
primarycontactguid,2
primaryid,2
priority,10
privacypolicy,1
private,5
privatefares,1
privateonly,1
probability,2
probabilityid,2
probabilityitemid,1
problemdesc,1
processcompletetime,2
processdate,1
processed,23
processed_records,1
processedby,3
processeddate,6
processeddatetime,3
processid,3
processing,3
processingdate,7
processingtime,1
processingtype,2
processkey,1
processstarttime,2
processtime,2
product,10
productareaid,5
productcode,6
productcodeid,6
productid,40
productname,4
productnameid,1
productnotes,1
productnotify,1
productoption,2
productoptionid,2
productpermission,2
productpermission2,1
productpermissionid,1
productpnr,1
productssold,1
productstatus,1
producttype,3
producttypeid,1
profile,4
profilepage,1
profit,2
profittolerancelower,1
profittoleranceupper,1
progress,1
project,2
project_bc_id,1
projectbau,1
projectcode,1
projectdate,1
projectedprofit,1
projectid,58
projectjobid,2
projectleadid,1
projectmanager,2
projectmanagertwo,1
projectname,1
projects,1
projecturl,1
projoverunder,1
promisedate,1
promo_free,2
promocode,7
promocodes,2
promoid,1
promotion,1
promotionid,1
promptid,1
propcode,2
propertycode,7
propertyemail,1
propertyid,46
propertyids,1
propertyname,15
propertyreference,1
propertyreferenceid,2
propertytype,3
propid,3
propname,1
proposedsolution,1
provider,1
province,2
province_id,4
proxy,1
proxyhost,2
proxyport,2
psara,2
pseudo,32
pslid,9
psltype,1
ptconly,1
pthours,1
public,5
publicdisplay,1
publicerrata,2
publicgenerate,1
publickey,1
publish,1
publishas,1
publishdate,1
published,4
publishedby,3
purchaseprice,3
purchasetax,1
purpose,3
qaapproach,1
qareq,3
qfour,1
qone,1
qthree,1
qtwo,1
qty,2
qtype,1
qualifications,1
quantity,13
query,1
querygroupid,2
queryid,18
querylimit,1
querystarttime,1
querytables,1
querytext,1
querytype,2
question,12
questionid,13
questionlength,1
questionoptionid,1
questiontype,1
quote,5
quotecapital,1
quoted,3
quoteddate,4
quotedepdate,1
quotedid,1
quotefooterblock,1
quoteheaderblock,1
quoteid,20
quotemonthly,1
quoteref,1
quotesoldid,1
rackrate,1
ragstatus,2
railid,7
railpasses,1
railregionid,1
railsupplierid,1
railtype,1
raisedchecked,1
raisedsource,1
raisedwithtraveltek,2
random,1
randomcheck,1
randomcounter,1
ranett,1
rangeend,1
rangefield,1
rangestart,1
rangetype,1
rank,1
rate,8
ratecode,1
rateid,5
ratename,1
ratetype,1
rating,40
ratingdescription,2
rawoffset,1
rcclstatus,1
rdata,1
readmarker,1
readonly,1
readtimes,1
readytoclose,2
realbookingid,2
realname,6
realpaidon,1
realrate,1
realtransactionid,2
reason,19
reasoncode,1
reasoncodeid,2
reasonid,7
recaptcha,1
receiptcostingid,1
receiptdate,1
receiptdocumentid,1
receipted,18
receiptid,25
receiptmethod,1
receipts,2
receiptwriteoff,1
received,7
receivedby,1
receiverid,3
receiversid,1
recipient,3
recipientalias,1
recognised,1
recognisedcommission,2
recognisedvat,2
recommended,3
recommendedby,6
reconciled,11
reconciledby,4
reconciledon,3
reconciledpayments,2
reconciledpaymentsr,2
reconciledpaymentsvalue,1
reconciledreceipts,4
reconciledreceiptsr,2
reconciledreceiptsvalue,1
reconciledrecords,1
reconcilegst,1
reconciliationamount,11
reconciliationdate,2
reconciliationid,2
reconciliationref,11
reconfirmed,1
recorded,7
recordeddate,1
recordedstamp,1
recordedtimestamp,1
recordid,4
recordids,1
recordtype,8
recurdatetext,1
recurrence,1
recurring,1
redeem,1
redem,2
redemtime,1
redress,2
redundant,1
refcode,7
reference,54
reference2,1
referencelength,1
referer,2
referoverduedocid,2
referrals,1
referreddate,1
referrer,7
reffield,3
refformat,1
refno,4
refsize,1
refund,3
refundable,1
refundamount,1
refunddocumentid,1
refunded,4
refundid,17
refundmethodid,1
refundsconfirmed,1
regardingcompanyid,1
regcodes,1
regenerated,1
region,25
region_city_id,3
region_city_name,2
regioncode,2
regionid,3344
regionids,1
regionname,1
regions,2
regionstring,1
registeredon,1
registration,3
regjourneyid,1
regncode,3
regndesc,1
regnname,1
regno,3
regnsort,1
regressiontest,1
regulationtypecode,1
reject_comments,3
rejectaction,1
rejectcomments,1
rejected,3
rejectedby,5
rejects,1
related,2
relatedbookingid,1
relatedsecuritykey,2
relatedticket,1
relatedto,1
relatedtxauthno,2
relatedvendortxtcode,2
relatedvpstxid,2
relatesto,1
relation,2
relationship,1
relativeid,1
releasedate,1
releasedays,4
remaining,4
remaining_items,2
remaining_points,1
remark,3
remark1,1
remark2,1
remark3,1
remarktype,1
reminder,1
reminderdate,1
remindersent,1
remindertime,1
remotecode,14
remotecopy,1
remotehost,1
remoteip,1
remotesession,2
remoteurl,2
removed,2
removeyrtaxes,1
rendertime,1
rentalstation,1
repeat,1
replacement,1
replycount,2
replyid,2
report,4
reportaction,1
reportcriteria,1
reportdate,6
reportfile,2
reportid,20
reportingdate,2
reportingdatetype,1
reportitle,1
reportname,1
reportorder,2
reportsto,1
reporttxntype,1
reporttype,1
reportvalue,1
representative,1
repscomments,1
request,21
requestby,2
requestdate,8
requested,6
requestedby,11
requestedof,2
requester,1
requesterid,1
requestid,5
requestnum,1
requestorid,1
requests,1
requesttime,3
requesttype,1
requireauthorisation,1
required,3
required_status,1
requiredattractions,1
requiredcarhires,1
requiredflights,1
requiredhotels,1
requiredtransfers,1
requirements,1
requirenotes,1
resaccom,1
resbeach,1
reseating,1
resellerid,3
resent,3
resentain,1
reservation,29
resexcurs,1
resloc,1
resolutiontime,1
resolvecomments,1
resolved,7
resolved_as,1
resolved_date,1
resolvedate,1
resolvedby,1
resort,38
resort2,1
resort_id,2
resort_name,3
resortcode,5
resortdesc,2
resortgroup,1
resortid,37
resortname,7
resortsort,1
resortsuit,1
resourcetype,1
resourse,3
responddate,2
respondedby,2
response,7
responsetime,1
responsibilities,1
responsible,1
responsibleid,8
respos,1
resptrans,1
resshopping,1
restarted,1
restaurant,1
restaurants,4
restrictedaccess,1
restrictengine,2
restrictions,1
result_status,1
resultcount,2
resultdata,1
resultformat,1
resultkey,1
resultlimit,2
resultno,1
resultpriority,2
results,5
resultsperpage,1
resulttype,4
resultweight,2
ret_day,1
retailallocations,1
retailonly,1
retained,1
retair,3
retarrivedate,1
retarrivetime,1
retdate,7
retdepartdate,1
retdeparttime,1
retflightcode,1
retflightno,1
retpickuptime,4
retrieved,4
rettime,2
returnarrivedate,3
returnarrivetime,3
returnconnections,3
returndate,15
returndepartdate,3
returndeparttime,3
returndeptime,1
returndesttime,1
returnflight,1
returnflightno,4
returninfo,5
returnpickuplocation,1
returnstops,3
returntime,1
returntimetype,1
revaction,1
revdate,1
revenuedate,2
reversed,1
reversedate,2
reverseid,1
reviewanswer,1
reviewaveragescore,1
reviewdate,2
reviewed,2
reviewedby,1
reviewedbyproduct,1
reviewemail,1
reviewer,1
reviewid,6
reviewname,1
reviewnumberofreviews,1
reviewstatus,4
reviewtext,3
reviewtitle,3
revision,1
revrec,1
revsource,1
revtype,1
rewardsprogramme,1
rewardsprogrammename,1
rework,1
risk,2
riskid,1
risklevel,1
rivercruising,1
riveremail,1
rollbackstatement,1
roomcode,2
roomcount,4
roomdescription,7
roomguid,1
roomid,8
roominfo,2
roomname,1
roomno,9
rooms,7
roomstatus,2
roomtype,22
roomtypecode,1
roomtypeid,7
roomview,7
round,1
rounding,5
roundtrip,2
route,1
routelastchecked,1
row,3
rowcounter,1
rowformat,1
rowid,1
rownum,3
rows,1
rowstatus,1
rsfeesupplementid,1
rsfeesupplierid,1
rsquareeventid,3
rsquarepolicyactionid,1
rsquarepolicyid,2
rsquaresubjectid,2
rtype,1
ruleclientid,1
ruleemail,1
rulefullname,1
rulefullnamepostcode,1
ruleid,3
ruleip,1
rulename,1
ruleorder,1
rulepaymentcard,1
rulephone,1
rulepostcode,1
ruleprice,2
rulesid,1
ruletext,1
ruletype,3
ruletypeid,1
rulevalue,1
runflexi,1
runid,2
runninginaws,1
runonce,1
runorder,12
runsopen,1
runstoresort,1
runtime,5
runtype,2
rutnumber,1
s3only,1
safety,2
safi,1
safisupplier,1
sagecode,1
said,2
saildate,2
sailnights,1
salary,2
saleable,1
saleableid,13
salerate,1
sales,3
saleschannelid,2
salescommission,1
salescommissionrate,1
salesid,8
salesmanagerid,1
salesmessage,2
salesmessageid,2
salesorderid,7
salestax,2
salesteam,1
saletype,3
sampleat,1
satisfaction,2
saturday1,3
saturday2,3
saved,1
sceid,2
schedule,1
schedule1,1
schedule2,1
schedule3,1
schedule4,1
scheduled,3
scheduledjobid,1
scheduledtype,1
scheduleid,17
schedulename,1
scheme,1
scode,1
scoreleft,1
scoreright,1
scotfocus,3
script,2
scriptaction,1
scriptname,1
scripttext,1
scurrency,3
sdata,1
search,1
searchTerm,1
searchable,1
searchat,8
searchcount,2
searchcriteriaid,1
searchdata,1
searchdate,12
searchdatetime,6
searchedat,3326
searchedon,1
searcher,1
searches,3
searchid,15
searchmodule,1
searchname,1
searchpageurl,1
searchphone,4
searchphone1,4
searchresults,1
searchserver,1
searchtime,4
searchtook,6
searchtype,7
seasonid,1
seating,1
seats,2
seatsavailable,6
seatsbought,3
seatsonewayavailable,2
seatsonewaysold,2
seatsonewaytotal,2
seatssold,6
seatstotal,3
seatthreshold,2
secondchildprice,2
secondname,1
secondwebsite,1
section,10
sectionheader,10
sectionid,10
sectionnumber,4
sectionorder,3
sector,1
sectorid,2
securetype,4
seenat,1
segmentid,1
segments,2
selectionid,1
selfbilling,24
selfbillingbranch,23
selfbonded,2
selfbondedrestrict,1
selfdrive,1
selladultcost,5
selladultcostnonmember,2
sellchildcost,5
sellfrom,3
sellinfantcost,5
selling,1
sellingcommission,2
sellingcommissiontype,2
sellingprice,3
sellingpriceedit,1
sellingrate,1
sellnfly,1
sellprice,25
selltobranchid,1
semaphorelistid,1
send_after_epoch,1
send_supplier_email,1
sendautoresponse,1
sendbalance,1
sendbytype,1
sendcalc,1
senddate,1
senddays,1
sendemails,1
sendmanual,1
sendorder,3
sendpcstatus,1
sendpstatus,1
sendsids,1
sendsms,1
sendtime,1
sendwhere,1
senior,5
sent,6
sent_at_epoch,1
sentat,1
sentby,5
sentfile,3
sentid,2
sentmethod,4
senton,6
sentto,4
sentwhen,1
sep_a_temp_c,1
sep_a_temp_f,1
sep_good_weather,1
sep_ma_temp_c,1
sep_ma_temp_f,1
sep_mi_temp_c,1
sep_mi_temp_f,1
sep_r_cm,1
sep_r_inches,1
sequence,2
sequenceid,6
serialise,1
seriesid,4
server,9
serverlocation,1
servername,1
servicecode,1
servicelevelcacheid,1
servicelevelid,9
servicerating,3
services,2
servicesequence,2
servicetype,2
session,20
sessionid,1
sessionkey,31
setid,1
setupby,1
severity,8
sfcountry,1
sfdestair,1
sfpcot,2
sfresort,1
shareamount,1
sharebasis,13
sharedallocation,1
sharedwith,2
shareuserid,1
sharing,1
ship,2
shipcode,1
shipid,3340
shipids,1
shipname,7
shippingaddress1,2
shippingaddress2,2
shippingaddress3,2
shippingaddress4,2
shippingcountry,2
shippingpostcode,2
shiprating,1
ships,1
shopid,1
shopping,1
shops,1
short,1
shortcardname,1
shortcode,2
shortdesc,1
shortdescription,14
shortlistcode,1
shortlistid,1
shortname,36
shortq,1
showabta,3
showbank,1
showbydefault,27
showdepositdue,25
showdue,1
showduedate,24
showfulltext,1
showhotels,1
showiata,3
showinprofit,4
showmap,1
shownumbering,1
showoffers,1
showonce,1
showondocs,2
showondocuments,2
showonledger,1
showonledgerreport,1
showonmenu,1
showonprofile,1
showreplyas,1
showreplyasgroup,1
showroute,1
showsalesorder,1
showtarget,1
showterms,1
sickyear,1
sid,3387
sidebar,3
sideofship,2
signedby,1
significant_difference,1
signin,2
signoff,1
signoffdate,1
signupdate,1
signuppage,1
signups,1
singlerate,1
singlestep,1
singlesupplement,1
singletraveller,1
site,33
sitegroupid,2
siteid,4
sitejscssid,1
sitename,3393
sitetype,1
sitting,1
sittingwith,3
sittingwithdate,1
situation,1
skiing,2
skip,2
skipackstring,2
skipdining,1
skiphandoff,1
skipholding,1
skipped,2
skippublishall,1
skiproutes,1
skiprules,2
skypename,1
slackname,1
slatime,1
slatype,1
slug,2
smallimage,1
smallimageurl,1
smalllogo,1
smartmoneyaccountnumber,27
smartmoneymethod,1
smoking,2
snack_price,1
snapshotdate,1
snapshottime,1
snowspirit,3
snr,1
softexception,1
softspikes,1
sold,5
solution,2
someenum,2
someint,2
sort,3
sort_order,4
sortby,1
sortcode,2
sortorder,21
source,24
sourcecode,2
sourcecodeid,7
sourcecolumn,2
sourcecolumnvalue,2
sourcedatapointid,8
sourceextra,1
sourceid,13
sourcename,2
sourcetable,3
sourcetype,1
spa,1
spaandtreatments,1
space,2
spearhead,3
special,2
special1,3
special2,3
special3,3
special4,3
special5,3
special6,3
special7,3
special8,3
specialdeals,3
specialid,21
specialoffer,1
specialoffercode,3
specialofferdescription,2
specialofferid,1
specialrequest,3
specialrequests,6
specials,3
specialservices,3
specialsid,2
specialslinkage,1
specialsonly,1
specialspage,3
specialstemplate,1
specificcabin,1
specificsupplier,1
specrequests,1
splitlevel,1
splitmultidest,1
spotid,1
spousename,4
sprice,6
sprint,1
sprint_id,1
sprintdate,2
sprintstart,1
sqlquery,2
sscode,2
ssdate,2
ssdetails,2
ssname,2
sstype,2
sstypecode,2
ssyear,2
staff,4
staffcards,1
staffcocars,1
staffid,1
staffinitials,30
staffmember,3
staffname,1
staffprcars,1
stage,2
stage-revision,1
stagedate,1
standard_status,1
standarddays,1
standardipt,1
standardvat,1
star_rating,1
starrating,1
start,8
start_date,1
startareaid,1
startbookingdate,1
startbookingtime,1
startcity,2
startcost,1
startdate,3427
startdatetype,1
startday,1
started,12
startedat,2
startedby,1
startedon,2
startfrom,3
startfunction,1
startingprice,2
startlimit,1
startlunch,1
startmonth,2
startnights,1
startperiod,1
startposition,1
startprice,1
startsale,1
starttime,26
startvalue,1
startx,2
starty,2
startyear,2
statdate,1
state,30
statecode,2
statementbalance,1
statementclose,3
statementdate,2
statementid,5
statementopen,3
statementrun,24
statename,1
staticdata,2
statictext,1
status,230
statuschangedby,2
statuscode,3
statusid,10
statusitemtype,1
statustext,1
statustype,1
stay,3
staydate,2
step,3
sticky,2
stockid,4
stocknumber,3
stockticketingid,2
stocktypeid,2
stopairports,1
stopoveruse,1
stopped,1
stoprules,1
stops,1
stopsale,28
stopsell,2
storagetype,1
storebranch,3
stored,2
storeddate,1
storedname,1
storedreport,3
storeprofit,4
storesearch,1
storesearchdata,1
storeticketnumber,1
storetollnumber,1
storewhitedata,1
story,1
storypoints_allocated,1
storypoints_used,1
strapline,2
street,1
street2,1
string,1
stringid,1
stringtext,1
strippedmobile,3
strippedpostcode,3
strippedtelephone,3
strippedworkphone,3
strippricerules,1
striptext,1
structure,1
subcategoryarea,4
subcategoryid,31
subcode,2
subgroup,5
subheading,1
subid,2
subject,11
subjectid,1
subjectname,1
subjects,1
submitdate,8
submitted,8
submittedat,1
submittedby,10
subproductcode,1
subscribedate,1
subscription,6
subscriptioncancelleddoc,1
subscriptioncreateddoc,1
subscriptionfinisheddoc,1
subscriptionupdateddoc,1
subsection,1
subtitle,1
subtype,4
suburb,1
succeeded,1
success,17
successdate,1
successful,1
summary,3
summaryoption,1
summeroverseas,1
summeruk,1
sunday1,3
sunday2,3
supcost,1
supercededby,5
superuser,35
supplement,3
supplementcostingid,1
supplementid,3
supplements,3
supplementsdesc,2
supplier,31
supplieramount,2
supplierbookingpull,1
suppliercode,4
suppliercodeid,15
suppliercommission,4
suppliercommissionable,4
suppliercommissionamount,1
suppliercommissionlevel,1
suppliercostamount,2
suppliercreated,1
suppliercurrency,29
supplierdepositamount,4
supplierdepositduedate,4
supplierduechange,1
supplierduedate,23
supplierduedifference,1
supplierengine,1
supplierexchangerate,6
supplierglcode,1
suppliergrossprice,4
supplierhotelname,1
supplierid,169
supplierids,1
supplieritemprice,2
suppliername,22
suppliernett,17
suppliernettprice,5
suppliernettvalue,2
supplierpaid,18
supplierpaidamount,2
supplierpayment,1
supplierpaymentid,2
supplierprice,4
supplierref,12
supplierreference,23
supplierrefund,1
suppliersrefno,1
supplierstatusid,1
suppliertable,3
suppliertextid,1
suppliertime,3
suppliertype,3
suppliervalue,1
support,2
support_users_id,1
supporttickets,1
supportuser,1
supportuserid,1
supportweight,1
surface,1
surname,24
surprisebooking,3
surveyid,5
symbol,3
synctimestamp,1
system,11
systembalance,1
systemcurrency,1
systemname,6
systempage,2
systemtype,1
systemtypeid,1
systotaleval,1
systotalitems,1
systotalsp,1
t3,1
ta_cities,3
ta_cruises,3
ta_essentials,3
ta_exclusives,3
ta_flights,3
ta_holidays,3
ta_ski,3
ta_specialist,3
ta_ukholidays,3
tableid,7
tablename,20
tableno,1
tablesize,4
tabname,1
tafmid,1
tag,37
tagid,3
tagtype,1
tagvalue,1
tailormade_specials_itinerary_id,2
taken,1
target,2
target_date,1
targetaccount,1
targetamount,1
targetdate,5
targetid,1
targetpageid,1
targetrating,1
targetteamrating,1
targettext,1
targetuser,1
tarsccode,3
task,3
taskid,3
tasktype,2
tax,7
taxcash,1
taxes,1
taxiindetails,2
taxioutdetails,2
taxname,1
taxnumber,1
taxpoint,1
taxrate,2
taxsystem,1
taxtotal,1
tb_accessories,3
tb_booking,3
tb_brochures,3
tb_choosecruise,3
tb_currency,3
tb_directions,3
tb_exchange,3
tb_fcoadvice,3
tb_flighttimes,3
tb_hautos,3
tb_health,3
tb_hextras,3
tb_hotelconnect,3
tb_insurance,3
tb_knowbefore,3
tb_lighthouse,3
tb_rail,3
tb_spanish,3
tb_superbreak,3
tb_taxis,3
tb_ticket,3
tb_weather,3
tb_worldguides,3
tbl,1
team,7
teamid,38
teamresponsible,1
techlead,1
technical,1
technicalsolution,1
tel,1
telareacode,1
telephone,96
telephoneid,30
teletext,1
teletextid,1
teletextname,2
temp,3
tempc,1
temperature,2
tempf,1
tempfile,1
template,8
templateblock,1
templatecontainerid,2
templateid,6
templateowner,1
templatepos,2
temppassword,28
terminal,5
terms,10
termsagreement,1
termsandconditions,3
termsandconditionsurl,1
termscheck,1
termsconditions,1
termsid,2
termsurl,2
test,3
testcount,1
testdate,1
testdescription,1
testedby,1
testeval,1
testfield,2
testplan,1
testplanid,1
testresults,1
testsp,1
teststring,1
testtaken,1
testtime,1
text,7
textbody,1
textdirection,1
textfield,1
textheading,1
textmarketing,1
themeid,1
thirdadultprice,2
thirdcategoryid,31
thirdpartycode,3
thirdpartycode2,1
thirdpartyregion,2
thirdwebsite,1
this_cnt,1
this_crc,1
threshold,2
thumb,3
thursday1,3
thursday2,3
ticket,5
ticket_no,2
ticket_printed,1
ticket_type,1
ticketaction,1
ticketdescription,1
ticketdocument,1
ticketed,3
ticketeddate,6
ticketid,4
ticketnum,1
ticketnumber,5
ticketondemand,2
ticketondeparture,5
ticketoption,6
ticketqueueid,2
tickets,1
ticketscreated,1
ticketsreceived,18
ticketssold,2
tickettimelimit,7
tickettype,4
tidsnumber,4
tierid,1
time,16
time_diff,1
time_difference,1
time_end,1
time_start,1
timeaccessed,1
timeanswered,1
timecreated,2
timedby,1
timedwhen,1
timefrom,1
timeid,1
timelogged,1
timeminutes,2
timeofday,1
timeout,1
timereason,2
timerequested,1
timespent,1
timesperday,1
timesread,2
timestamp,3
timestarted,2
timestring,2
timetaken,4
timeto,1
timetook,1
timetorun,1
timezone,32
timing,2
timings,1
tipping,2
titan,1
titanlite,4
titanliteid,4
titanlitesupplier,4
titanonly,1
titanownerid,1
titanroomid,1
title,90
titleid,5
titletag,1
tmslimit,1
tmspecialid,2
tmstag,1
tmsvideolink,1
toairport,1
tocode,3
tocurrency,3
tod,4
todatabase,1
todate,3
toddays,1
toddlerseats,2
todocomplete,1
todoevaled,1
todologged,1
toid,5
toinstance,1
toint,1
tojourney,1
token,8
tokenapikey,1
tokenexpiry,1
tokenkey,2
tokenmerchant,1
tokenstatus,1
tokentype,1
tolltrackingnumber,1
tolocation,1
toname,2
took,1
topbar,3
topclient,1
topdogname,1
toppercurrency,1
topperexchangerate,1
toprice,1
toptip,1
tostr,1
totable,1
total,20
totaladditions,1
totaladults,1
totalamount,3
totalavailable,1
totalbalance,1
totalbanktransfer,1
totalbranches,1
totalcharge,5
totalchildren,1
totalclicks,1
totalcommission,3
totalconfirmed,1
totalcost,5
totalcostings,1
totalcredits,1
totaldeductions,1
totaldiscount,1
totalelements,1
totaleval,1
totalexceptions,1
totalfailed,1
totalfundtransfer,1
totalgross,2
totalinfants,1
totalipt,1
totalitems,1
totalmatched,1
totalmeeting,1
totalnett,2
totalnettipt,1
totalonbookingorder,1
totalother,1
totalpaid,1
totalpassengers,1
totalpassthrough,1
totalpaymentgl,1
totalpayments,1
totalpoints,1
totalprice,9
totalreceipts,2
totalreceived,5
totalreconciled,1
totalreconciliation,1
totalrecords,4
totalrefunds,2
totalresults,2
totalreviews,1
totalrooms,1
totalrows,1
totalseats,3
totalsp,1
totalsuccess,1
totaltickets,1
totaltime,2
totaltradeaccounts,1
totaltransferred,1
totalunits,1
totalusers,1
totalvalue,1
totalvat,1
totype,4
touched_by_janitor,1
tour_operator,1
tourcode,4
tourdatetime,1
tourid,44
tourinstanceid,1
tourist_offices_au,2
tourist_offices_ca,2
tourist_offices_uk,2
tourist_offices_us,2
tourname,1
tourno,3
touropref,1
tourstatus,1
tourtek,1
tourtype,3
tourtypeid,1
town,4
towncity,1
townname,1
tpm,1
tracker,1
trackerid,6
trackertype,1
trackingcode,3
tradeaccount,2
tradeaccountid,17
tradeaccountname,1
tradecommission,225
tradedepositamount,2
tradedocid,2
traderestrict,1
tradestopcommission,2
tradevat,225
trading,2
tradingarea,3
tradingid,1
tradingname,9
tradingnameid,41
train,2
traincode,2
trainerid,1
trainernotes,1
training,1
trainingdate,1
trainingnotes,1
transaction,19
transactioncost,1
transactioncreated,1
transactiondate,5
transactionelementid,1
transactionextref,4
transactionguid,17
transactionid,272
transactionkey,1
transactionpsuedo,1
transactionref,4
transactionsp,1
transactiontype,10
transactiontypeid,4
transcredit,1
transcurrency,1
transdate,2
transdebit,1
transfer_city,1
transfer_terminals,1
transferby,1
transferdate,2
transferid,2
transfersincluded,2
transfertime,7
transid,1
translateposition,1
translogsremoved,1
transmission,2
transmissionfile,2
transno,1
transport,3
transport_other,1
transtan,1
transtansupplierid,1
transtantest,29
transtype,4
transtypeid,1
travel,1
travelcatcode,1
travelcatenabled,27
travelcatreference,1
travelclass,1
traveldate,3
traveldetails,1
travelinfo,1
travelling,1
travelshop,1
travelshops_countries_id,1
traveltek,1
traveltekid,1
traveltekname,1
traveltekowner,1
traveltekownerid,1
travelteksystem,1
traveltekurl,1
traveltekuser,3
traveltekusername,1
traveltype,1
traversetime,1
trelloboardid,1
trelloid,3
triaged,1
trip_accommodation,1
trip_documentation,1
trip_joining,1
trip_meals,1
trip_reps,1
trip_time,1
trip_trip,1
trolleyrental,1
trunk-revision,1
trustbalance,1
ts,1
tshopuserid,1
tta,2
tticode,1
ttresortid,1
tuesday1,3
tuesday2,3
twikilink,1
twitter,1
twoshareprice,2
txndate,7
txnreference,2
txntype,5
type,287
typecode,28
typeid,17
typename,1
typeofitem,1
typeoptions,2
typing,1
uatdate,1
uatid,3
uatname,1
uatreceived,1
uatreq,3
uatsent,1
uatsequenceid,3
uattype,1
udate,1
udid,2
udidvalue,2
udvalue,6
udvalueid,1
ujoiningpointid,2
ukonly,3326
uktourist,1
unallocatedcredits,2
unallocatedcreditsvalue,1
unallocateddebits,2
unallocateddebitsvalue,1
unallocatedfunds,1
unappmerchantfees,1
unapportioned,15
unapportionedreceipts,4
unapportionedreceiptsvalue,1
unappreceipts,1
unconfirmedpayments,3
underage,1
uniqkey,2
unique_key,1
uniquecount,2
uniqueid,3
uniqueidtype,3
uniquekey,3
uniquememberid,7
uniqueness,4
uniquereceiptid,1
uniquesourceclass,3
unit,2
unitprice,2
units,5
unitsrequired,5
updateby,2
updated,22
updatedate,7
updatedbranches,1
updatedby,197
updateddate,1
updatednettprice,2
updatedon,1
updatedtradeaccounts,1
updatedusers,1
updatereason,1
updaterid,1
updates,1
updatestatement,1
updatestatus,1
updatetime,1
upgradeoffered,2
upgradetaken,2
upheld,1
upload,1
uploaddate,2
uploaddatetime,1
uploaded,1
uploadedby,8
uploadedfilename,1
uploadid,1
uploadstatus,1
uploadtime,2
uploaduserid,1
upper_boundary,1
upperdepth,2
upropid,1
urgent,2
url,33
urlname,1
urlrequest,2
useclass,1
usedby,1
usedhow,1
usedinprofit,1
usedothercredentials,2
uselive,1
usemaxquery,1
usenettprice,1
user,10
user_id,2
useragent,1
userbcid,1
usercard,3
usercount,1
useremail,1
userhelp,1
userid,782
useridresponsible,1
userip,2
userkey,1
userlist,2
username,101
usernamefrom,1
usernamekeyid,1
usernamelength,1
usernameto,1
userreference,1
userright,1
users,1
userstory_bc_id,1
userstoryid,1
usersystem,9
usertelephone,1
usertype,33
usetoken,3
usetokens,1
uuid,7
vaccinations,1
valid,2
validatepastpassengers,1
validation,2
validfirstday,1
validfrom,26
validity,2
validitytype,1
validnights,3
validoption,1
validto,26
validtype,1
validuntil,1
validvalue,1
validwithin,1
value,101
value1,2
value2,3
value3,1
valuefrom,1
valueto,1
valuetype,3
variance,1
vat,67
vatadj,1
vatag,1
vatamount,1
vatapplication,4
vatcode,1
vatinclusive,1
vatinclusiveasatol,1
vatlevel,2
vatnumber,27
vatoncommission,2
vatrate,2
vatrequirement,3
vccconfirmed,2
vccengine,1
vccengineid,1
vccengineids,1
vcurrency,1
vdsupplierid,1
vehicle,4
vehicleid,3
vehicletype,3
vendor,4
vendorid,1
vendorreference,1
vendorremarks,1
venue,1
version,12
viamarker,1
videoid,1
videourl,1
view,17
viewable,6
viewdatacode,1
viewdatadir,1
viewdatareference,63
viewdatarefsize,1
viewdataservice,1
viewdatasupplier,1
viewed,3
viewid,18
views,3
viewstring,3
visacountryid,1
visas,1
visited,6
visitingport,3326
visits,1
vmbavailable,1
vmbname,1
void,2
voidtime,1
volume,1
voucher,2
vouchercode,1
voucherdealcode,1
voucherdocumentid,2
voucherid,1
vouchersecuritycode,1
voucherurl,1
voyagecode,2
vprice,1
warningemail,1
warninghelp,1
warninglevel,1
warnings,2
warningsent,1
warnlevel,2
warnupdate,2
was,1
wasprice,1
wasvalue,2
watcherid,3
wateractivities,1
watermarkdate,1
weather,1
weatherphrase,1
web,37
webaddress,2
webenqid,1
webref,1
websales,2
webserver,2
website,47
weddingdate,1
wednesday1,3
wednesday2,3
weekdays,2
weekly,3
weeklyhours,1
weeklyrate,2
weeks,1
weight,5
weighthint,2
weightpercent,1
weightvalue,2
welcomehome,1
welcometext,1
wentliveon,1
wereplieddate,2
westpacbankaccountnumber,27
westpacmethod,1
westpacpayeeref,27
westpacsortcode,27
wexmethodid,1
what,4
what_see,1
whatdate,1
whathappened,2
whatisoverdue,2
whatsnew,1
when,2
when_to_run,1
whenflushed,1
whenupdated,1
wheretoski,1
whitedata,1
who,3
whochanged,3
wholesaleonly,2
why,1
wildcard,1
wind,1
winteroverseas,1
winteruk,1
wiretransfertaxrate,1
withclient,1
withclienteval,1
withorder,1
withsupport,1
withtax,1
withtraveltek,1
withtraveltekclaim,1
withtraveltekeval,1
withtraveltekthird,1
word,3
workedon,1
workedonby,2
workedoncount,1
workemail,1
workerid,2
workers,3
workext,5
workhrs,3
workno,1
workphone,11
worktime,1
workweek,1
wrapupid,1
wrf,1
wrfeta,1
wrfid,33
wrfid1,1
wrfid2,1
wrfowner,1
wrfpercentdone,1
wrftaskid,2
writeoff,1
writeoffcategoryid,1
writeoffcodeid,1
written,2
writtenby,1
writtenwhen,1
wshost,1
wsid,3
x,3
xcoord,4
xml,1
xmlsession,2
xmluserid,1
y,3
ycoord,4
year,3
yourref,2
youth,5
youthage,1
youthgross,1
youthnett,1
youtubevid,3
zerocommission,1
zeromargin,1
zerovat,1
zipcode,1
zipfilename,1
zipped,1
zippedcontent,1
zippedcontentfilename,1
zoneid,14
zonelimit,1
zonepageid,1
zonestarttime,1
zonetypeid,1
zoopayentityid,1
zoopaypassword,1
zoopayuserid,1
